Date;Stock;Open;High;Low;Close
2012-01-03;NTDOY;17.23;17.6;17.23;17.51
2012-01-04;NTDOY;17.700001;17.92;17.700001;17.879999
2012-01-05;NTDOY;17.25;17.66;17.25;17.49
2012-01-06;NTDOY;17.309999;17.41;17.24;17.299999
2012-01-09;NTDOY;17.280001;17.459999;17.280001;17.41
2012-01-10;NTDOY;17.1;17.379999;17.1;17.24
2012-01-11;NTDOY;16.959999;17.209999;16.959999;17.200001
2012-01-12;NTDOY;16.969999;17.24;16.969999;17.18
2012-01-13;NTDOY;16.959999;16.959999;16.67;16.76
2012-01-17;NTDOY;17.120001;17.23;16.92;16.959999
2012-01-18;NTDOY;16.52;16.639999;16.4;16.59
2012-01-19;NTDOY;16.59;16.889999;16.59;16.799999
2012-01-20;NTDOY;17.059999;17.469999;17.059999;17.469999
2012-01-23;NTDOY;17.02;17.42;17.02;17.27
2012-01-24;NTDOY;17.15;17.440001;17.15;17.4
2012-01-25;NTDOY;17.26;17.540001;17.26;17.540001
2012-01-26;NTDOY;17.35;17.35;16.129999;16.379999
2012-01-27;NTDOY;16.629999;16.879999;16.559999;16.77
2012-01-30;NTDOY;16.41;16.700001;16.41;16.629999
2012-01-31;NTDOY;16.99;17.01;16.780001;16.940001
2012-02-01;NTDOY;16.83;16.93;16.809999;16.9
2012-02-02;NTDOY;16.83;17.25;16.83;17.059999
2012-02-03;NTDOY;17.059999;17.18;17.059999;17.005000000000003
2012-02-06;NTDOY;16.76;17.120001;16.76;16.950001
2012-02-07;NTDOY;17.290001;17.290001;17.049999;17.24
2012-02-08;NTDOY;17.25;17.4;17.25;17.4
2012-02-09;NTDOY;17.58;17.73;17.43;17.639999
2012-02-10;NTDOY;17.32;17.5;17.15;17.26
2012-02-13;NTDOY;17.49;17.49;17.129999;17.32
2012-02-14;NTDOY;17.139999;17.299999;17.1;17.18
2012-02-15;NTDOY;17.75;17.950001;17.75;17.84
2012-02-16;NTDOY;18.0;18.200001;17.85;18.200001
2012-02-17;NTDOY;18.299999;18.4;18.18;18.370001
2012-02-21;NTDOY;18.200001;18.200001;17.74;17.969999
2012-02-22;NTDOY;18.200001;18.469999;18.200001;18.389999
2012-02-23;NTDOY;18.9;19.219999;18.9;19.219999
2012-02-24;NTDOY;19.309999;19.450001;19.27;19.41
2012-02-27;NTDOY;19.42;19.620001;19.42;19.559999
2012-02-28;NTDOY;19.35;19.35;19.120001;19.16
2012-02-29;NTDOY;18.885;19.01;18.770000500000002;18.915
2012-03-01;NTDOY;18.42;18.67;18.42;18.67
2012-03-02;NTDOY;17.99;18.16;17.99;18.07
2012-03-05;NTDOY;17.77;17.85;17.559999;17.59
2012-03-06;NTDOY;16.99;17.42;16.99;17.139999
2012-03-07;NTDOY;17.203333;17.603333000000003;17.203333;17.399999333333334
2012-03-08;NTDOY;17.416666;17.786666;17.416666;17.659999666666668
2012-03-09;NTDOY;17.629999;17.969999;17.629999;17.92
2012-03-12;NTDOY;17.700001;17.75;17.5;17.51
2012-03-13;NTDOY;17.549999;17.549999;17.32;17.549999
2012-03-14;NTDOY;17.91;18.139999;17.9;18.07
2012-03-15;NTDOY;18.5;18.74;18.5;18.67
2012-03-16;NTDOY;18.67;18.860001;18.67;18.809999
2012-03-19;NTDOY;18.700001;18.73;18.66;18.67
2012-03-20;NTDOY;18.625;18.735;18.604999499999998;18.6899995
2012-03-21;NTDOY;18.549999;18.74;18.549999;18.709999
2012-03-22;NTDOY;19.299999;19.469999;19.299999;19.370001
2012-03-23;NTDOY;19.32;19.32;19.0;19.1
2012-03-26;NTDOY;18.75;18.940001;18.74;18.889999
2012-03-27;NTDOY;18.82;18.879999;18.690001;18.73
2012-03-28;NTDOY;19.08;19.08;18.959999;19.049999
2012-03-29;NTDOY;19.030001;19.049999;18.950001;19.049999
2012-03-30;NTDOY;18.75;18.98;18.75;18.959999
2012-04-02;NTDOY;18.85;19.09;18.85;19.07
2012-04-03;NTDOY;18.629999;18.629999;18.450001;18.49
2012-04-04;NTDOY;18.309999;18.34;18.219999;18.280001
2012-04-05;NTDOY;18.35;18.67;18.35;18.639999
2012-04-09;NTDOY;18.34;18.59;18.33;18.389999
2012-04-10;NTDOY;18.389999;18.450001;18.219999;18.26
2012-04-11;NTDOY;18.27;18.389999;18.26;18.35
2012-04-12;NTDOY;18.17;18.389999;18.17;18.389999
2012-04-13;NTDOY;17.77;17.82;17.6;17.610001
2012-04-16;NTDOY;17.15;17.559999;17.15;17.360001
2012-04-17;NTDOY;17.34;17.549999;17.34;17.5
2012-04-18;NTDOY;17.1;17.299999;17.02;17.09
2012-04-19;NTDOY;17.129999;17.549999;17.07;17.200001
2012-04-20;NTDOY;17.089999;17.424999;17.035;17.193334
2012-04-23;NTDOY;17.049999;17.299999;17.0;17.186667
2012-04-24;NTDOY;17.120001;17.27;17.120001;17.18
2012-04-25;NTDOY;17.18;17.450001;17.15;17.219999
2012-04-26;NTDOY;17.17;17.17;16.709999;17.09
2012-04-27;NTDOY;16.835;17.1099995;16.604999499999998;16.904999500000002
2012-04-30;NTDOY;16.5;17.049999;16.5;16.719999
2012-05-01;NTDOY;16.02;16.299999;16.0;16.17
2012-05-02;NTDOY;16.030001;16.16;16.030001;16.09
2012-05-03;NTDOY;16.030001;16.09;15.88;15.91
2012-05-04;NTDOY;15.81;15.92;15.79;15.92
2012-05-07;NTDOY;15.8;15.9;15.76;15.85
2012-05-08;NTDOY;15.6;15.8;15.3;15.48
2012-05-09;NTDOY;15.46;15.79;15.46;15.72
2012-05-10;NTDOY;16.0;16.25;16.0;16.139999
2012-05-11;NTDOY;15.02;15.82;15.02;15.1
2012-05-14;NTDOY;15.1;15.16;15.01;15.05
2012-05-15;NTDOY;14.7;14.75;14.57;14.61
2012-05-16;NTDOY;14.55;14.63;14.51;14.52
2012-05-17;NTDOY;14.575;14.885000000000002;14.530000000000001;14.58
2012-05-18;NTDOY;14.6;15.14;14.55;14.64
2012-05-21;NTDOY;14.5;14.63;14.4;14.48
2012-05-22;NTDOY;14.51;14.69;14.48;14.5
2012-05-23;NTDOY;14.34;14.49;14.07;14.25
2012-05-24;NTDOY;14.0;14.06;13.96;14.05
2012-05-25;NTDOY;13.96;14.13;13.74;13.75
2012-05-29;NTDOY;14.37;14.53;14.34;14.37
2012-05-30;NTDOY;14.08;14.36;13.95;14.0
2012-05-31;NTDOY;14.29;14.45;14.26;14.32
2012-06-01;NTDOY;14.14;14.25;14.11;14.14
2012-06-04;NTDOY;14.35;14.54;14.33;14.39
2012-06-05;NTDOY;14.75;14.87;14.5;14.87
2012-06-06;NTDOY;14.69;14.7;14.46;14.52
2012-06-07;NTDOY;14.43;14.43;13.97;13.98
2012-06-08;NTDOY;13.88;13.88;13.65;13.75
2012-06-11;NTDOY;13.72;13.85;13.44;13.44
2012-06-12;NTDOY;13.69;13.76;13.62;13.76
2012-06-13;NTDOY;14.05;14.15;14.0;14.06
2012-06-14;NTDOY;14.11;14.15;14.05;14.09
2012-06-15;NTDOY;14.16;14.25;14.15;14.15
2012-06-18;NTDOY;14.31;14.32;14.22;14.28
2012-06-19;NTDOY;14.5;14.54;14.46;14.54
2012-06-20;NTDOY;14.52;14.67;14.5;14.53
2012-06-21;NTDOY;14.68;14.81;14.41;14.49
2012-06-22;NTDOY;14.64;14.82;14.64;14.75
2012-06-25;NTDOY;14.51;14.72;14.3;14.33
2012-06-26;NTDOY;14.4;14.4;14.16;14.28
2012-06-27;NTDOY;14.25;14.45;14.19;14.41
2012-06-28;NTDOY;14.41;14.59;14.26;14.41
2012-06-29;NTDOY;14.41;14.54;14.41;14.52
2012-07-02;NTDOY;14.33;14.6;14.33;14.54
2012-07-03;NTDOY;14.6;14.86;14.55;14.83
2012-07-05;NTDOY;14.83;14.99;14.83;14.94
2012-07-06;NTDOY;14.89;14.89;14.77;14.82
2012-07-09;NTDOY;14.52;14.67;14.52;14.62
2012-07-10;NTDOY;14.49;14.53;14.43;14.44
2012-07-11;NTDOY;14.55;14.64;14.49;14.55
2012-07-12;NTDOY;14.17;14.39;14.17;14.29
2012-07-13;NTDOY;14.23;14.31;14.09;14.17
2012-07-16;NTDOY;14.1;14.21;14.1;14.12
2012-07-17;NTDOY;13.94;14.08;13.94;14.06
2012-07-18;NTDOY;13.86;14.1;13.86;13.95
2012-07-19;NTDOY;13.73;13.88;13.69;13.83
2012-07-20;NTDOY;13.51;13.58;13.5;13.53
2012-07-23;NTDOY;13.5;13.5;13.31;13.38
2012-07-24;NTDOY;13.12;13.15;13.0;13.08
2012-07-25;NTDOY;13.06;13.21;13.03;13.2
2012-07-26;NTDOY;13.42;13.8;13.42;13.64
2012-07-27;NTDOY;13.76;14.16;13.76;14.16
2012-07-30;NTDOY;13.95;14.0;13.76;13.81
2012-07-31;NTDOY;13.8;13.87;13.8;13.8
2012-08-01;NTDOY;13.4;13.55;13.4;13.49
2012-08-02;NTDOY;13.34;13.48;13.34;13.48
2012-08-03;NTDOY;13.26;13.37;13.26;13.36
2012-08-06;NTDOY;13.22;13.31;13.22;13.28
2012-08-07;NTDOY;13.19;13.34;13.19;13.27
2012-08-08;NTDOY;13.24;13.28;13.2;13.22
2012-08-09;NTDOY;13.41;13.52;13.41;13.52
2012-08-10;NTDOY;13.51;13.63;13.51;13.63
2012-08-13;NTDOY;13.63;13.75;13.53;13.72
2012-08-14;NTDOY;13.57;13.57;13.25;13.26
2012-08-15;NTDOY;13.19;13.3;13.19;13.24
2012-08-16;NTDOY;13.63;13.76;13.63;13.74
2012-08-17;NTDOY;13.57;13.82;13.57;13.75
2012-08-20;NTDOY;13.75;13.75;13.71;13.72
2012-08-21;NTDOY;13.9;14.02;13.9;13.9
2012-08-22;NTDOY;13.66;13.92;13.66;13.88
2012-08-23;NTDOY;14.0;14.22;14.0;14.09
2012-08-24;NTDOY;14.13;14.15;14.0;14.11
2012-08-27;NTDOY;13.99;14.25;13.99;14.18
2012-08-28;NTDOY;14.1;14.17;14.05;14.17
2012-08-29;NTDOY;14.11;14.32;14.11;14.3
2012-08-30;NTDOY;14.38;14.38;14.0;14.06
2012-08-31;NTDOY;13.81;14.03;13.81;13.93
2012-09-04;NTDOY;13.81;13.99;13.76;13.89
2012-09-05;NTDOY;13.63;13.9;13.63;13.75
2012-09-06;NTDOY;13.63;13.99;13.63;13.99
2012-09-07;NTDOY;13.95;13.95;13.81;13.81
2012-09-10;NTDOY;13.92;14.04;13.91;13.91
2012-09-11;NTDOY;13.92;14.04;13.92;14.0
2012-09-12;NTDOY;14.48;14.48;14.29;14.4
2012-09-13;NTDOY;14.75;15.05;14.72;15.01
2012-09-14;NTDOY;15.25;15.52;15.05;15.175
2012-09-17;NTDOY;15.45;15.49;15.13;15.34
2012-09-18;NTDOY;15.79;16.190001;15.79;16.129999
2012-09-19;NTDOY;16.1;16.32;15.97;16.01
2012-09-20;NTDOY;15.96;15.96;15.35;15.7
2012-09-21;NTDOY;15.72;15.72;15.36;15.58
2012-09-24;NTDOY;15.56;15.59;15.35;15.59
2012-09-25;NTDOY;15.82;16.290001;15.75;16.110001
2012-09-26;NTDOY;15.95;16.1;15.52;15.97
2012-09-27;NTDOY;15.98;16.09;15.91;16.07
2012-09-28;NTDOY;15.95;15.95;15.76;15.87
2012-10-01;NTDOY;15.88;16.24;15.88;16.17
2012-10-02;NTDOY;16.51;16.75;16.41;16.700001
2012-10-03;NTDOY;17.040001;17.49;17.040001;17.43
2012-10-04;NTDOY;17.5;17.639999;17.43;17.59
2012-10-05;NTDOY;17.75;17.75;17.57;17.629999
2012-10-08;NTDOY;17.66;17.66;17.450001;17.5
2012-10-09;NTDOY;17.299999;17.34;16.549999;16.559999
2012-10-10;NTDOY;16.02;16.5;16.02;16.190001
2012-10-11;NTDOY;16.32;16.5;16.32;16.35
2012-10-12;NTDOY;16.1;16.6;16.1;16.360001
2012-10-15;NTDOY;16.75;16.75;16.219999;16.639999
2012-10-16;NTDOY;16.85;17.040001;16.85;16.99
2012-10-17;NTDOY;16.700001;16.950001;16.700001;16.700001
2012-10-18;NTDOY;16.6;16.790001;16.6;16.66
2012-10-19;NTDOY;16.309999;16.42;15.96;16.040001
2012-10-22;NTDOY;16.49;16.49;16.120001;16.32
2012-10-23;NTDOY;16.0;16.379999;16.0;16.139999
2012-10-24;NTDOY;15.35;15.57;15.14;15.46
2012-10-25;NTDOY;16.360001;16.549999;16.209999;16.42
2012-10-26;NTDOY;16.049999;16.309999;15.89;16.08
2012-10-31;NTDOY;16.450001;16.450001;15.95;16.15
2012-11-01;NTDOY;16.08;16.15;16.01;16.15
2012-11-02;NTDOY;15.7;16.139999;15.7;15.74
2012-11-05;NTDOY;15.78;16.0;15.58;15.63
2012-11-06;NTDOY;15.705;15.879999999999999;15.54;15.605
2012-11-07;NTDOY;15.63;15.76;15.5;15.58
2012-11-08;NTDOY;15.52;15.65;15.51;15.61
2012-11-09;NTDOY;15.21;15.32;15.19;15.28
2012-11-12;NTDOY;14.9;14.99;14.87;14.95
2012-11-13;NTDOY;15.28;15.57;15.27;15.5
2012-11-14;NTDOY;15.8;16.030001;15.78;15.84
2012-11-15;NTDOY;15.94;16.15;15.93;16.059999
2012-11-16;NTDOY;16.17;16.379999;16.0;16.34
2012-11-19;NTDOY;16.4;16.65;16.379999;16.51
2012-11-20;NTDOY;15.87;15.87;15.64;15.66
2012-11-21;NTDOY;15.5;15.58;15.46;15.58
2012-11-23;NTDOY;15.65;15.8;15.65;15.8
2012-11-26;NTDOY;15.8;15.98;15.56;15.67
2012-11-27;NTDOY;15.31;15.35;15.24;15.25
2012-11-28;NTDOY;15.2;15.25;15.12;15.24
2012-11-29;NTDOY;15.25;15.46;15.2;15.45
2012-11-30;NTDOY;15.0;15.1;14.95;15.1
2012-12-03;NTDOY;14.99;15.0;14.63;14.65
2012-12-04;NTDOY;15.15;15.15;14.87;14.9
2012-12-05;NTDOY;14.72;14.93;14.72;14.76
2012-12-06;NTDOY;14.77;14.8;14.71;14.72
2012-12-07;NTDOY;14.56;14.69;14.55;14.65
2012-12-10;NTDOY;14.07;14.07;13.98;13.99
2012-12-11;NTDOY;13.45;13.45;13.33;13.35
2012-12-12;NTDOY;13.52;13.545;13.4;13.43
2012-12-13;NTDOY;13.59;13.64;13.47;13.51
2012-12-14;NTDOY;13.12;13.23;13.0;13.03
2012-12-17;NTDOY;13.25;13.25;13.15;13.18
2012-12-18;NTDOY;13.26;13.35;13.26;13.32
2012-12-19;NTDOY;13.18;13.29;13.15;13.2
2012-12-20;NTDOY;13.0;13.07;12.95;13.06
2012-12-21;NTDOY;12.57;12.8;12.57;12.73
2012-12-24;NTDOY;12.63;12.85;12.61;12.8
2012-12-26;NTDOY;12.72;12.75;12.55;12.61
2012-12-27;NTDOY;12.78;12.78;12.64;12.7
2012-12-28;NTDOY;13.09;13.2;13.09;13.2
2012-12-31;NTDOY;13.2;13.38;13.2;13.31
2013-01-02;NTDOY;13.48;13.57;13.48;13.54
2013-01-03;NTDOY;13.49;13.6;13.46;13.51
2013-01-04;NTDOY;13.05;13.13;12.98;13.11
2013-01-07;NTDOY;12.85;12.85;12.74;12.76
2013-01-08;NTDOY;12.4;12.43;12.36;12.39
2013-01-09;NTDOY;12.18;12.3;12.1;12.13
2013-01-10;NTDOY;12.45;12.525;12.365;12.415
2013-01-11;NTDOY;12.72;12.75;12.63;12.7
2013-01-14;NTDOY;12.71;12.85;12.71;12.81
2013-01-15;NTDOY;12.67;12.84;12.52;12.84
2013-01-16;NTDOY;12.91;12.95;12.84;12.92
2013-01-17;NTDOY;13.32;13.5;13.31;13.48
2013-01-18;NTDOY;13.06;13.14;13.06;13.14
2013-01-22;NTDOY;12.81;12.83;12.64;12.72
2013-01-23;NTDOY;12.96;13.05;12.96;12.97
2013-01-24;NTDOY;12.75;12.85;12.7;12.82
2013-01-25;NTDOY;12.95;12.96;12.75;12.88
2013-01-28;NTDOY;13.25;13.54;13.15;13.04
2013-01-29;NTDOY;13.31;13.31;13.15;13.2
2013-01-30;NTDOY;12.54;12.54;12.15;12.22
2013-01-31;NTDOY;12.13;12.22;12.11;12.16
2013-02-01;NTDOY;12.15;12.15;11.9;12.04
2013-02-04;NTDOY;11.89;11.89;11.8;11.82
2013-02-05;NTDOY;11.75;11.78;11.7;11.78
2013-02-06;NTDOY;11.72;11.76;11.65;11.73
2013-02-07;NTDOY;11.86;11.88;11.8;11.87
2013-02-08;NTDOY;11.71;11.72;11.63;11.69
2013-02-11;NTDOY;11.72;11.77;11.69;11.7
2013-02-12;NTDOY;11.6;11.6;11.53;11.58
2013-02-13;NTDOY;11.64;11.66;11.61;11.65
2013-02-14;NTDOY;11.55;11.55;11.47;11.53
2013-02-15;NTDOY;11.43;11.5;11.36;11.39
2013-02-19;NTDOY;11.53;11.6;11.53;11.6
2013-02-20;NTDOY;11.65;11.67;11.55;11.56
2013-02-21;NTDOY;11.79;11.89;11.76;11.77
2013-02-22;NTDOY;11.94;12.03;11.94;12.03
2013-02-25;NTDOY;12.06;12.11;12.0;12.0
2013-02-26;NTDOY;12.23;12.27;12.22;12.25
2013-02-27;NTDOY;12.12;12.24;12.12;12.2
2013-02-28;NTDOY;12.15;12.23;12.02;12.06
2013-03-01;NTDOY;12.1;12.15;12.07;12.13
2013-03-04;NTDOY;12.23;12.35;12.23;12.33
2013-03-05;NTDOY;12.49;12.5;12.4;12.42
2013-03-06;NTDOY;12.31;12.31;12.2;12.23
2013-03-07;NTDOY;12.72;12.78;12.71;12.71
2013-03-08;NTDOY;13.59;13.65;13.45;13.63
2013-03-11;NTDOY;13.92;13.99;13.87;13.99
2013-03-12;NTDOY;13.7;13.8;13.58;13.61
2013-03-13;NTDOY;14.12;14.19;14.01;14.07
2013-03-14;NTDOY;13.68;13.73;13.67;13.69
2013-03-15;NTDOY;13.8;13.86;13.79;13.8
2013-03-18;NTDOY;13.83;13.98;13.83;13.91
2013-03-19;NTDOY;13.94;13.94;13.72;13.77
2013-03-20;NTDOY;13.82;13.88;13.8;13.85
2013-03-21;NTDOY;13.85;13.88;13.7;13.7
2013-03-22;NTDOY;13.7;13.75;13.69;13.73
2013-03-25;NTDOY;13.57;13.61;13.51;13.54
2013-03-26;NTDOY;13.45;13.52;13.45;13.5
2013-03-27;NTDOY;13.46;13.66;13.4;13.66
2013-03-28;NTDOY;13.44;13.5;13.43;13.44
2013-04-01;NTDOY;13.38;13.38;13.08;13.14
2013-04-02;NTDOY;13.13;13.2;13.12;13.18
2013-04-03;NTDOY;13.24;13.24;13.12;13.14
2013-04-04;NTDOY;13.31;13.54;13.31;13.45
2013-04-05;NTDOY;13.25;13.41;13.23;13.37
2013-04-08;NTDOY;13.43;13.68;13.43;13.65
2013-04-09;NTDOY;13.6;13.66;13.46;13.59
2013-04-10;NTDOY;14.85;14.99;14.85;14.97
2013-04-11;NTDOY;14.61;14.72;14.59;14.67
2013-04-12;NTDOY;14.26;14.37;14.21;14.31
2013-04-15;NTDOY;14.53;14.61;14.41;14.47
2013-04-16;NTDOY;14.43;14.62;14.43;14.62
2013-04-17;NTDOY;14.45;14.48;14.3;14.3
2013-04-18;NTDOY;14.43;14.5;14.43;14.46
2013-04-19;NTDOY;14.48;14.64;14.48;14.61
2013-04-22;NTDOY;14.71;14.71;14.58;14.66
2013-04-23;NTDOY;14.4;14.58;14.4;14.5
2013-04-24;NTDOY;15.07;15.07;14.65;14.66
2013-04-25;NTDOY;14.28;14.28;14.09;14.24
2013-04-26;NTDOY;13.855;13.864999999999998;13.735;13.835
2013-04-29;NTDOY;13.43;13.45;13.38;13.43
2013-04-30;NTDOY;13.74;13.87;13.7;13.75
2013-05-01;NTDOY;13.47;13.47;13.23;13.35
2013-05-02;NTDOY;13.7;13.7;13.56;13.64
2013-05-03;NTDOY;13.63;13.85;13.63;13.73
2013-05-06;NTDOY;13.65;13.79;13.65;13.71
2013-05-07;NTDOY;13.66;13.72;13.66;13.68
2013-05-08;NTDOY;13.81;13.82;13.77;13.82
2013-05-09;NTDOY;13.65;13.8;13.65;13.76
2013-05-10;NTDOY;13.35;13.45;13.35;13.42
2013-05-13;NTDOY;13.46;13.5;13.38;13.43
2013-05-14;NTDOY;13.5;13.5;13.41;13.5
2013-05-15;NTDOY;14.37;14.41;14.32;14.34
2013-05-16;NTDOY;13.82;13.91;13.76;13.87
2013-05-17;NTDOY;13.67;13.83;13.6;13.77
2013-05-20;NTDOY;13.63;13.65;13.49;13.64
2013-05-21;NTDOY;14.05;14.05;13.73;13.99
2013-05-22;NTDOY;13.61;13.7;13.49;13.49
2013-05-23;NTDOY;12.97;13.34;12.6;13.25
2013-05-24;NTDOY;13.04;13.18;12.9;13.04
2013-05-28;NTDOY;12.53;12.7;12.5;12.62
2013-05-29;NTDOY;12.54;12.59;12.45;12.47
2013-05-30;NTDOY;12.57;12.6;12.52;12.57
2013-05-31;NTDOY;12.46;12.53;12.4;12.47
2013-06-03;NTDOY;12.39;12.52;12.29;12.39
2013-06-04;NTDOY;12.47;12.56;12.44;12.22
2013-06-05;NTDOY;12.19;12.19;12.02;12.05
2013-06-06;NTDOY;11.74;11.89;11.65;11.84
2013-06-07;NTDOY;11.93;12.28;11.93;12.26
2013-06-10;NTDOY;12.6;12.64;12.53;12.58
2013-06-11;NTDOY;12.26;12.43;12.26;12.27
2013-06-12;NTDOY;12.3;12.3;12.03;12.11
2013-06-13;NTDOY;12.28;12.65;12.28;12.65
2013-06-14;NTDOY;12.65;12.65;12.43;12.47
2013-06-17;NTDOY;13.67;13.8;13.46;13.56
2013-06-18;NTDOY;13.8;13.91;13.77;13.8
2013-06-19;NTDOY;14.34;14.4;14.18;14.2
2013-06-20;NTDOY;13.9;13.95;13.64;13.68
2013-06-21;NTDOY;14.0;14.0;13.66;13.95
2013-06-24;NTDOY;13.86;13.93;13.69;13.89
2013-06-25;NTDOY;13.71;13.71;13.55;13.65
2013-06-26;NTDOY;14.12;14.22;14.09;14.19
2013-06-27;NTDOY;14.14;14.2;13.97;14.43
2013-06-28;NTDOY;14.7;14.76;14.6;14.67
2013-07-01;NTDOY;14.7;14.83;14.7;14.74
2013-07-02;NTDOY;14.57;14.57;14.32;14.33
2013-07-03;NTDOY;14.43;14.55;14.36;14.585
2013-07-05;NTDOY;14.84;14.93;14.74;14.84
2013-07-08;NTDOY;14.66;14.83;14.66;14.75
2013-07-09;NTDOY;14.98;14.99;14.94;14.98
2013-07-10;NTDOY;15.22;15.23;15.1;15.11
2013-07-11;NTDOY;15.21;15.3;15.16;15.29
2013-07-12;NTDOY;15.12;15.25;15.04;15.18
2013-07-15;NTDOY;15.01;15.3;15.01;15.2
2013-07-16;NTDOY;15.32;15.89;15.32;15.8
2013-07-17;NTDOY;16.959999;17.0;16.85;16.860001
2013-07-18;NTDOY;16.200001;16.41;16.200001;16.35
2013-07-19;NTDOY;16.41;16.799999;16.4;16.75
2013-07-22;NTDOY;17.52;17.559999;17.43;17.440001
2013-07-23;NTDOY;17.49;17.5;17.299999;17.379999
2013-07-24;NTDOY;17.379999;17.48;17.35;17.35
2013-07-25;NTDOY;16.77;16.879999;16.530001;16.700001
2013-07-26;NTDOY;16.700001;16.700001;16.41;16.5
2013-07-29;NTDOY;16.23;16.43;16.200001;16.24
2013-07-30;NTDOY;16.440001;16.51;16.360001;16.43
2013-07-31;NTDOY;15.51;15.8;15.51;15.8
2013-08-01;NTDOY;16.610001;16.66;16.51;16.530001
2013-08-02;NTDOY;16.360001;16.610001;16.360001;16.540001
2013-08-05;NTDOY;16.4;16.43;16.360001;16.43
2013-08-06;NTDOY;17.02;17.049999;16.889999;16.969999
2013-08-07;NTDOY;16.719999;16.780001;16.65;16.74
2013-08-08;NTDOY;16.389999;16.43;16.200001;16.4
2013-08-09;NTDOY;16.1149995;16.21;16.020000500000002;16.155
2013-08-12;NTDOY;15.84;15.99;15.84;15.91
2013-08-13;NTDOY;15.92;15.95;15.75;15.95
2013-08-14;NTDOY;16.07;16.07;15.83;15.83
2013-08-15;NTDOY;15.72;15.77;15.67;15.76
2013-08-16;NTDOY;15.61;15.64;15.5;15.53
2013-08-19;NTDOY;15.71;15.78;15.61;15.67
2013-08-20;NTDOY;15.53;15.53;15.33;15.43
2013-08-21;NTDOY;15.49;15.53;15.35;15.47
2013-08-22;NTDOY;15.45;15.48;15.41;15.44
2013-08-23;NTDOY;15.37;15.37;15.29;15.35
2013-08-26;NTDOY;15.45;15.45;15.38;15.39
2013-08-27;NTDOY;15.5;15.64;15.4;15.6
2013-08-28;NTDOY;15.37;15.48;15.26;15.41
2013-08-29;NTDOY;15.19;15.19;15.08;15.13
2013-08-30;NTDOY;14.17;14.17;13.95;14.09
2013-09-03;NTDOY;14.93;14.93;14.68;14.7
2013-09-04;NTDOY;15.15;15.34;15.15;15.3
2013-09-05;NTDOY;15.15;15.21;15.08;15.12
2013-09-06;NTDOY;14.78;14.8;14.41;14.51
2013-09-09;NTDOY;13.85;14.05;13.75;13.8
2013-09-10;NTDOY;13.5;13.6;13.5;13.5
2013-09-11;NTDOY;13.7;13.77;13.6;13.72
2013-09-12;NTDOY;13.68;13.68;13.57;13.57
2013-09-13;NTDOY;13.6;13.6;13.53;13.55
2013-09-16;NTDOY;13.7;13.82;13.68;13.72
2013-09-17;NTDOY;13.77;13.95;13.715;13.870000000000001
2013-09-18;NTDOY;13.84;14.08;13.75;14.02
2013-09-19;NTDOY;14.03;14.05;13.96;14.04
2013-09-20;NTDOY;14.48;14.54;14.42;14.42
2013-09-23;NTDOY;14.45;14.62;14.39;14.47
2013-09-24;NTDOY;14.45;14.63;14.45;14.56
2013-09-25;NTDOY;14.5;14.6;14.44;14.6
2013-09-26;NTDOY;14.57;14.57;14.35;14.4
2013-09-27;NTDOY;14.34;14.45;14.28;14.43
2013-09-30;NTDOY;14.18;14.18;14.08;14.12
2013-10-01;NTDOY;14.23;14.23;14.1;14.21
2013-10-02;NTDOY;13.98;13.98;13.78;13.81
2013-10-03;NTDOY;13.85;13.85;13.79;13.83
2013-10-04;NTDOY;13.97;14.07;13.91;14.06
2013-10-07;NTDOY;13.69;13.89;13.67;13.86
2013-10-08;NTDOY;13.89;13.98;13.82;13.84
2013-10-09;NTDOY;14.01;14.06;13.93;14.03
2013-10-10;NTDOY;14.36;14.5;14.36;14.47
2013-10-11;NTDOY;14.49;14.54;14.43;14.5
2013-10-14;NTDOY;14.5;14.59;14.4;14.59
2013-10-15;NTDOY;14.3;14.34;14.22;14.22
2013-10-16;NTDOY;14.34;14.47;14.34;14.47
2013-10-17;NTDOY;14.61;14.71;14.61;14.7
2013-10-18;NTDOY;14.65;14.65;14.56;14.58
2013-10-21;NTDOY;14.77;14.77;14.74;14.77
2013-10-22;NTDOY;14.76;14.76;14.62;14.67
2013-10-23;NTDOY;14.57;15.04;14.53;14.56
2013-10-24;NTDOY;14.79;14.79;14.72;14.74
2013-10-25;NTDOY;14.46;14.55;14.46;14.52
2013-10-28;NTDOY;14.58;14.67;14.56;14.58
2013-10-29;NTDOY;14.56;14.62;14.55;14.62
2013-10-30;NTDOY;14.35;14.35;14.05;14.05
2013-10-31;NTDOY;14.11;14.11;14.0;14.01
2013-11-01;NTDOY;14.0;14.1;13.96;14.03
2013-11-04;NTDOY;14.28;14.28;14.0;14.05
2013-11-05;NTDOY;14.61;14.7;14.61;14.7
2013-11-06;NTDOY;15.2;15.21;15.17;15.18
2013-11-07;NTDOY;15.0;15.0;14.87;14.88
2013-11-08;NTDOY;15.41;15.48;15.33;15.06
2013-11-11;NTDOY;15.2;15.37;15.17;15.24
2013-11-12;NTDOY;15.3;15.41;15.3;15.35
2013-11-13;NTDOY;15.55;15.8;15.55;15.8
2013-11-14;NTDOY;15.65;15.68;15.61;15.68
2013-11-15;NTDOY;16.32;16.379999;16.27;16.35
2013-11-18;NTDOY;16.209999;16.4;16.200001;16.200001
2013-11-19;NTDOY;16.219999;16.33;16.190001;16.299999
2013-11-20;NTDOY;16.32;16.389999;16.290001;16.290001
2013-11-21;NTDOY;16.049999;16.190001;16.049999;16.110001
2013-11-22;NTDOY;16.690001;16.809999;16.690001;16.799999
2013-11-25;NTDOY;16.74;16.91;16.74;16.85
2013-11-26;NTDOY;16.639999;16.639999;16.440001;16.459999
2013-11-27;NTDOY;16.059999;16.190001;16.049999;16.139999
2013-11-29;NTDOY;16.139999;16.15;16.030001;16.08
2013-12-02;NTDOY;15.97;16.049999;15.97;16.02
2013-12-03;NTDOY;15.37;15.4;15.3;15.39
2013-12-04;NTDOY;15.13;15.3;15.13;15.3
2013-12-05;NTDOY;15.35;15.39;15.27;15.29
2013-12-06;NTDOY;15.41;15.47;15.41;15.47
2013-12-09;NTDOY;15.48;15.48;15.38;15.41
2013-12-10;NTDOY;15.48;15.6;15.48;15.6
2013-12-11;NTDOY;15.32;15.55;15.28;15.28
2013-12-12;NTDOY;15.41;15.47;15.36;15.36
2013-12-13;NTDOY;15.27;15.27;15.06;15.15
2013-12-16;NTDOY;15.16;15.28;15.16;15.27
2013-12-17;NTDOY;15.26;15.34;15.24;15.27
2013-12-18;NTDOY;15.98;15.98;15.75;15.87
2013-12-19;NTDOY;16.25;16.4;16.25;16.280001
2013-12-20;NTDOY;16.4;16.5;16.4;16.450001
2013-12-23;NTDOY;16.469999;16.620001;16.469999;16.6
2013-12-24;NTDOY;16.6;16.65;16.6;16.6
2013-12-26;NTDOY;16.65;16.73;16.549999;16.59
2013-12-27;NTDOY;16.639999;16.76;16.639999;16.73
2013-12-30;NTDOY;16.76;16.799999;16.639999;16.74
2013-12-31;NTDOY;16.700001;16.74;16.67;16.68
2014-01-02;NTDOY;16.620001;16.780001;16.549999;16.549999
2014-01-03;NTDOY;16.790001;16.790001;16.49;16.620001
2014-01-06;NTDOY;16.92;17.02;16.879999;17.01
2014-01-07;NTDOY;17.049999;17.200001;17.049999;17.15
2014-01-08;NTDOY;18.860001;18.9;18.620001;18.66
2014-01-09;NTDOY;18.309999;18.309999;18.209999;18.25
2014-01-10;NTDOY;19.09;19.09;18.91;18.950001
2014-01-13;NTDOY;19.139999;19.15;18.9;18.91
2014-01-14;NTDOY;18.67;18.74;18.549999;18.66
2014-01-15;NTDOY;18.309999;18.450001;18.09;18.219999
2014-01-16;NTDOY;18.0;18.0;17.9;17.959999
2014-01-17;NTDOY;14.95;15.5;14.5;14.9
2014-01-21;NTDOY;15.98;16.120001;15.92;16.040001
2014-01-22;NTDOY;16.76;16.780001;16.690001;16.700001
2014-01-23;NTDOY;16.49;16.5;16.33;16.360001
2014-01-24;NTDOY;16.17;16.25;16.129999;16.15
2014-01-27;NTDOY;16.1;16.32;15.82;16.1
2014-01-28;NTDOY;15.49;15.58;15.39;15.47
2014-01-29;NTDOY;16.52;16.83;16.049999;16.23
2014-01-30;NTDOY;15.0;15.15;15.0;15.06
2014-01-31;NTDOY;14.62;14.67;14.52;14.63
2014-02-03;NTDOY;14.75;14.75;14.5;14.64
2014-02-04;NTDOY;14.62;14.96;14.62;14.89
2014-02-05;NTDOY;14.13;14.15;14.02;14.48
2014-02-06;NTDOY;13.97;14.09;13.96;14.07
2014-02-07;NTDOY;14.01;14.19;14.0;14.15
2014-02-10;NTDOY;14.7;14.94;14.69;14.94
2014-02-11;NTDOY;14.92;14.98;14.91;14.97
2014-02-12;NTDOY;14.78;14.93;14.78;14.9
2014-02-13;NTDOY;14.48;14.52;14.26;14.5
2014-02-14;NTDOY;14.39;14.53;14.39;14.52
2014-02-18;NTDOY;15.03;15.2;15.01;15.07
2014-02-19;NTDOY;15.35;15.43;15.29;15.34
2014-02-20;NTDOY;15.07;15.07;14.99;15.03
2014-02-21;NTDOY;15.37;15.37;15.25;15.25
2014-02-24;NTDOY;15.33;15.46;15.3;15.37
2014-02-25;NTDOY;15.48;15.48;15.3;15.39
2014-02-26;NTDOY;15.78;15.85;15.76;15.76
2014-02-27;NTDOY;15.1;15.3;15.1;15.3
2014-02-28;NTDOY;15.43;15.45;15.39;15.4
2014-03-03;NTDOY;15.01;15.21;15.01;15.2
2014-03-04;NTDOY;15.52;15.63;15.48;15.56
2014-03-05;NTDOY;15.45;15.45;15.28;15.28
2014-03-06;NTDOY;15.41;15.45;15.3;15.3
2014-03-07;NTDOY;15.23;15.26;15.23;15.23
2014-03-10;NTDOY;15.05;15.05;14.85;14.87
2014-03-11;NTDOY;14.84;14.91;14.8;14.87
2014-03-12;NTDOY;14.66;14.92;14.66;14.82
2014-03-13;NTDOY;14.87;15.0;14.84;14.85
2014-03-14;NTDOY;14.52;14.65;14.5;14.64
2014-03-17;NTDOY;14.7;14.87;14.65;14.7
2014-03-18;NTDOY;14.46;14.5;14.42;14.47
2014-03-19;NTDOY;14.45;14.45;14.35;14.38
2014-03-20;NTDOY;14.24;14.24;14.15;14.23
2014-03-21;NTDOY;14.25;14.31;14.12;14.12
2014-03-24;NTDOY;14.77;14.84;14.68;14.84
2014-03-25;NTDOY;14.25;14.42;14.25;14.33
2014-03-26;NTDOY;14.55;14.71;14.49;14.49
2014-03-27;NTDOY;14.38;14.39;14.32;14.37
2014-03-28;NTDOY;14.615;14.705;14.585;14.629999999999999
2014-03-31;NTDOY;14.85;15.02;14.85;14.89
2014-04-01;NTDOY;14.69;14.77;14.67;14.72
2014-04-02;NTDOY;14.66;14.66;14.55;14.555
2014-04-03;NTDOY;14.49;14.5;14.36;14.39
2014-04-04;NTDOY;14.45;14.45;14.22;14.25
2014-04-07;NTDOY;14.25;14.35;14.25;14.28
2014-04-08;NTDOY;13.96;14.09;13.96;14.129999999999999
2014-04-09;NTDOY;14.02;14.02;13.9;13.98
2014-04-10;NTDOY;13.86;13.95;13.77;13.82
2014-04-11;NTDOY;13.58;13.68;13.49;13.52
2014-04-14;NTDOY;13.6;13.7;13.44;13.5
2014-04-15;NTDOY;13.35;13.35;13.2;13.32
2014-04-16;NTDOY;13.4;13.42;13.36;13.41
2014-04-17;NTDOY;13.69;13.69;13.57;13.64
2014-04-21;NTDOY;13.72;13.72;13.62;13.63
2014-04-22;NTDOY;13.53;13.55;13.42;13.555
2014-04-23;NTDOY;13.55;13.55;13.43;13.48
2014-04-24;NTDOY;13.45;13.45;13.32;13.37
2014-04-25;NTDOY;13.1;13.11;12.99;13.02
2014-04-28;NTDOY;13.09;13.09;13.0;13.05
2014-04-29;NTDOY;13.08;13.15;13.07;13.08
2014-04-30;NTDOY;13.08;13.15;13.07;13.08
2014-05-01;NTDOY;13.23;13.32;13.19;13.3
2014-05-02;NTDOY;13.33;13.44;13.33;13.4
2014-05-05;NTDOY;13.39;13.49;13.39;13.45
2014-05-06;NTDOY;13.58;13.58;13.39;13.4
2014-05-07;NTDOY;13.18;13.25;12.94;13.18
2014-05-08;NTDOY;12.96;13.09;12.9;12.93
2014-05-09;NTDOY;13.15;13.29;13.06;13.14
2014-05-12;NTDOY;13.07;13.19;13.07;13.18
2014-05-13;NTDOY;13.46;13.48;13.43;13.44
2014-05-14;NTDOY;13.48;13.72;13.44;13.45
2014-05-15;NTDOY;13.65;13.65;13.48;13.45
2014-05-16;NTDOY;13.45;13.53;13.45;13.45
2014-05-19;NTDOY;13.61;13.61;13.45;13.6
2014-05-20;NTDOY;13.77;13.86;13.77;13.84
2014-05-21;NTDOY;13.81;13.97;13.81;13.9
2014-05-22;NTDOY;14.13;14.13;14.05;14.08
2014-05-23;NTDOY;14.09;14.26;14.09;14.22
2014-05-27;NTDOY;14.3;14.36;14.29;14.35
2014-05-28;NTDOY;14.24;14.29;14.21;14.27
2014-05-29;NTDOY;14.42;14.57;14.42;14.54
2014-05-30;NTDOY;14.62;14.62;14.46;14.56
2014-06-02;NTDOY;14.54;14.59;14.47;14.52
2014-06-03;NTDOY;14.48;14.56;14.48;14.54
2014-06-04;NTDOY;14.5;14.65;14.49;14.59
2014-06-05;NTDOY;14.54;14.54;14.35;14.42
2014-06-06;NTDOY;14.45;14.46;14.31;14.36
2014-06-09;NTDOY;14.52;14.58;14.51;14.55
2014-06-10;NTDOY;14.55;14.6;14.38;14.45
2014-06-11;NTDOY;14.33;14.33;14.01;14.01
2014-06-12;NTDOY;14.11;14.11;13.94;13.94
2014-06-13;NTDOY;14.28;14.29;14.2;14.26
2014-06-16;NTDOY;14.62;14.73;14.55;14.67
2014-06-17;NTDOY;14.84;14.84;14.74;14.81
2014-06-18;NTDOY;14.98;15.22;14.98;15.2
2014-06-19;NTDOY;15.27;15.28;15.18;15.22
2014-06-20;NTDOY;15.29;15.35;15.29;15.35
2014-06-23;NTDOY;15.17;15.2;15.06;15.08
2014-06-24;NTDOY;15.16;15.3;15.11;15.12
2014-06-25;NTDOY;14.95;15.02;14.95;14.99
2014-06-26;NTDOY;14.93;14.98;14.84;14.89
2014-06-27;NTDOY;14.8;14.85;14.7;14.79
2014-06-30;NTDOY;14.84;15.0;14.82;14.95
2014-07-01;NTDOY;15.06;15.16;15.06;15.14
2014-07-02;NTDOY;15.43;15.43;15.3;15.34
2014-07-03;NTDOY;15.555;15.575;15.48;15.530000000000001
2014-07-07;NTDOY;15.68;15.72;15.66;15.72
2014-07-08;NTDOY;15.62;15.62;15.44;15.51
2014-07-09;NTDOY;15.53;15.62;15.53;15.59
2014-07-10;NTDOY;15.36;15.36;15.11;15.21
2014-07-11;NTDOY;15.15;15.15;15.0;15.07
2014-07-14;NTDOY;15.4;15.44;15.28;15.37
2014-07-15;NTDOY;15.48;15.48;15.32;15.4
2014-07-16;NTDOY;15.62;15.62;15.47;15.51
2014-07-17;NTDOY;15.52;15.52;15.36;15.535
2014-07-18;NTDOY;15.51;15.57;15.47;15.56
2014-07-21;NTDOY;15.48;15.48;15.35;15.73
2014-07-22;NTDOY;15.86;15.92;15.84;15.9
2014-07-23;NTDOY;15.98;15.98;15.7;15.77
2014-07-24;NTDOY;15.55;15.55;15.5;15.52
2014-07-25;NTDOY;15.59;15.63;15.56;15.59
2014-07-28;NTDOY;15.2;15.31;15.2;15.21
2014-07-29;NTDOY;15.21;15.23;15.11;15.11
2014-07-30;NTDOY;14.38;14.54;14.23;14.35
2014-07-31;NTDOY;13.97;13.98;13.8;13.83
2014-08-01;NTDOY;13.77;13.84;13.74;13.75
2014-08-04;NTDOY;13.72;13.72;13.6;13.68
2014-08-05;NTDOY;13.65;13.65;13.43;13.46
2014-08-06;NTDOY;13.45;13.52;13.36;13.46
2014-08-07;NTDOY;13.41;13.5;13.4;13.4
2014-08-08;NTDOY;13.36;13.38;13.25;13.35
2014-08-11;NTDOY;13.37;13.49;13.36;13.44
2014-08-12;NTDOY;13.49;13.49;13.3;13.31
2014-08-13;NTDOY;13.36;13.42;13.36;13.38
2014-08-14;NTDOY;13.54;13.55;13.4;13.47
2014-08-15;NTDOY;13.74;13.78;13.72;13.78
2014-08-18;NTDOY;14.39;14.39;14.28;14.35
2014-08-19;NTDOY;14.26;14.26;14.18;14.18
2014-08-20;NTDOY;14.0;14.05;13.92;14.01
2014-08-21;NTDOY;13.86;13.99;13.86;13.99
2014-08-22;NTDOY;14.0;14.0;13.9;13.93
2014-08-25;NTDOY;13.96;14.06;13.96;14.03
2014-08-26;NTDOY;13.96;13.96;13.85;13.89
2014-08-27;NTDOY;13.9;13.9;13.83;13.85
2014-08-28;NTDOY;13.74;13.75;13.7;13.71
2014-08-29;NTDOY;13.9;13.96;13.85;13.89
2014-09-02;NTDOY;14.45;14.45;14.3;14.3
2014-09-03;NTDOY;14.17;14.21;14.12;14.17
2014-09-04;NTDOY;14.19;14.25;14.12;14.15
2014-09-05;NTDOY;14.15;14.18;14.15;14.16
2014-09-08;NTDOY;13.96;14.03;13.82;13.9
2014-09-09;NTDOY;13.77;13.78;13.7;13.73
2014-09-10;NTDOY;13.885;13.89;13.809999999999999;13.84
2014-09-11;NTDOY;14.0;14.0;13.92;13.95
2014-09-12;NTDOY;13.79;13.84;13.75;13.78
2014-09-15;NTDOY;13.82;13.82;13.75;13.76
2014-09-16;NTDOY;13.96;14.16;13.96;14.16
2014-09-17;NTDOY;13.92;14.0;13.89;13.91
2014-09-18;NTDOY;13.85;14.09;13.85;13.92
2014-09-19;NTDOY;13.9;13.94;13.88;13.93
2014-09-22;NTDOY;13.9;14.09;13.9;14.09
2014-09-23;NTDOY;14.03;14.07;13.97;13.97
2014-09-24;NTDOY;13.75;13.89;13.72;13.79
2014-09-25;NTDOY;13.95;13.95;13.74;13.75
2014-09-26;NTDOY;13.76;13.82;13.75;13.8
2014-09-29;NTDOY;13.63;13.66;13.53;13.643333333333334
2014-09-30;NTDOY;13.59;13.59;13.54;13.486666666666666
2014-10-01;NTDOY;13.39;13.4;13.29;13.33
2014-10-02;NTDOY;13.18;13.19;13.08;13.13
2014-10-03;NTDOY;13.13;13.13;13.07;13.11
2014-10-06;NTDOY;13.18;13.3;13.18;13.29
2014-10-07;NTDOY;13.09;13.27;13.085;13.265
2014-10-08;NTDOY;13.0;13.24;12.99;13.24
2014-10-09;NTDOY;13.08;13.1;12.95;12.96
2014-10-10;NTDOY;12.94;12.94;12.8;12.8
2014-10-13;NTDOY;12.81;12.83;12.69;12.69
2014-10-14;NTDOY;12.88;12.96;12.82;12.83
2014-10-15;NTDOY;12.78;12.81;12.62;12.78
2014-10-16;NTDOY;12.62;12.66;12.43;12.59
2014-10-17;NTDOY;12.62;12.75;12.6;12.67
2014-10-20;NTDOY;12.65;12.83;12.65;12.78
2014-10-21;NTDOY;12.87;12.95;12.87;12.95
2014-10-22;NTDOY;13.0;13.04;12.98;13.01
2014-10-23;NTDOY;13.01;13.05;12.99;13.02
2014-10-24;NTDOY;12.67;12.73;12.63;12.72
2014-10-27;NTDOY;12.94;12.97;12.78;12.91
2014-10-28;NTDOY;12.97;12.97;12.81;12.9
2014-10-29;NTDOY;13.35;13.85;13.35;13.8
2014-10-30;NTDOY;12.94;13.0;12.86;12.94
2014-10-31;NTDOY;13.53;13.68;13.33;13.67
2014-11-03;NTDOY;13.25;13.79;13.24;13.79
2014-11-04;NTDOY;13.46;13.49;13.36;13.47
2014-11-05;NTDOY;13.66;13.66;13.44;13.48
2014-11-06;NTDOY;13.2;13.32;13.19;13.27
2014-11-07;NTDOY;13.22;13.22;13.07;13.13
2014-11-10;NTDOY;13.22;13.32;13.08;13.15
2014-11-11;NTDOY;13.45;13.45;13.34;13.4
2014-11-12;NTDOY;13.57;13.61;13.55;13.55
2014-11-13;NTDOY;13.65;13.65;13.5;13.51
2014-11-14;NTDOY;13.82;13.82;13.7;13.77
2014-11-17;NTDOY;13.59;13.6;13.52;13.58
2014-11-18;NTDOY;13.8;13.9;13.8;13.9
2014-11-19;NTDOY;13.76;13.76;13.63;13.63
2014-11-20;NTDOY;13.57;13.67;13.57;13.62
2014-11-21;NTDOY;13.83;13.85;13.76;13.8
2014-11-24;NTDOY;13.8;13.82;13.76;13.79
2014-11-25;NTDOY;13.93;14.0;13.93;13.98
2014-11-26;NTDOY;14.48;14.55;14.35;14.45
2014-11-28;NTDOY;14.5;14.54;14.42;14.5
2014-12-01;NTDOY;14.78;14.87;14.67;14.82
2014-12-02;NTDOY;14.5;14.57;14.47;14.54
2014-12-03;NTDOY;14.65;14.78;14.65;14.74
2014-12-04;NTDOY;14.66;14.66;14.5;14.55
2014-12-05;NTDOY;14.57;14.64;14.3;14.41
2014-12-08;NTDOY;14.13;14.35;14.13;14.17
2014-12-09;NTDOY;14.14;14.14;13.98;14.03
2014-12-10;NTDOY;14.12;14.28;14.05;14.14
2014-12-11;NTDOY;14.12;14.12;14.02;14.02
2014-12-12;NTDOY;13.88;13.89;13.75;13.75
2014-12-15;NTDOY;13.69;13.71;13.52;13.57
2014-12-16;NTDOY;13.38;13.4;13.26;13.3
2014-12-17;NTDOY;13.29;13.41;13.26;13.26
2014-12-18;NTDOY;13.4;13.5;13.34;13.47
2014-12-19;NTDOY;13.24;13.3;13.24;13.27
2014-12-22;NTDOY;13.22;13.29;13.17;13.2
2014-12-23;NTDOY;13.31;13.31;13.2;13.24
2014-12-24;NTDOY;13.35;13.35;13.25;13.31
2014-12-26;NTDOY;13.26;13.4;13.26;13.33
2014-12-29;NTDOY;13.05;13.15;12.97;13.09
2014-12-30;NTDOY;13.18;13.18;12.98;13.01
2014-12-31;NTDOY;12.96;13.04;12.95;12.95
2015-01-02;NTDOY;12.96;13.05;12.96;13.04
2015-01-05;NTDOY;12.84;12.84;12.68;12.69
2015-01-06;NTDOY;12.5;12.5;12.37;12.37
2015-01-07;NTDOY;12.48;12.57;12.48;12.51
2015-01-08;NTDOY;12.76;12.8;12.69;12.8
2015-01-09;NTDOY;12.82;12.9;12.67;12.71
2015-01-12;NTDOY;12.76;12.8;12.62;12.73
2015-01-13;NTDOY;12.575;12.645;12.465;12.600000000000001
2015-01-14;NTDOY;12.39;12.49;12.31;12.47
2015-01-15;NTDOY;12.9;12.93;12.74;12.78
2015-01-16;NTDOY;12.84;12.85;12.74;12.85
2015-01-20;NTDOY;12.98;12.98;12.74;12.8
2015-01-21;NTDOY;12.72;12.89;12.72;12.805
2015-01-22;NTDOY;12.71;12.84;12.66;12.81
2015-01-23;NTDOY;12.68;12.7;12.57;12.67
2015-01-26;NTDOY;12.79;12.84;12.66;12.81
2015-01-27;NTDOY;12.81;12.93;12.81;12.89
2015-01-28;NTDOY;12.75;12.75;12.4;12.42
2015-01-29;NTDOY;12.0;12.0;11.8;11.89
2015-01-30;NTDOY;11.96;12.11;11.96;12.04
2015-02-02;NTDOY;11.975000000000001;12.105;11.975000000000001;12.07
2015-02-03;NTDOY;11.99;12.1;11.99;12.1
2015-02-04;NTDOY;12.12;12.12;12.0;12.04
2015-02-05;NTDOY;12.1;12.15;12.02;12.12
2015-02-06;NTDOY;12.29;12.49;12.29;12.43
2015-02-09;NTDOY;12.28;12.35;12.21;12.25
2015-02-10;NTDOY;12.48;12.48;12.36;12.4
2015-02-11;NTDOY;12.38;12.42;12.32;12.37
2015-02-12;NTDOY;12.17;12.4;12.17;12.4
2015-02-13;NTDOY;12.47;12.47;12.34;12.41
2015-02-17;NTDOY;12.4;12.41;12.34;12.34
2015-02-18;NTDOY;12.47;12.57;12.45;12.57
2015-02-19;NTDOY;12.7;12.7;12.67;12.68
2015-02-20;NTDOY;12.72;12.77;12.7;12.77
2015-02-23;NTDOY;12.73;12.79;12.69;12.79
2015-02-24;NTDOY;12.8;12.82;12.7;12.77
2015-02-25;NTDOY;12.8;12.83;12.78;12.83
2015-02-26;NTDOY;13.05;13.05;12.97;13.01
2015-02-27;NTDOY;13.4;13.4;13.28;13.34
2015-03-02;NTDOY;13.44;13.51;13.42;13.5
2015-03-03;NTDOY;13.49;13.59;13.49;13.5
2015-03-04;NTDOY;13.48;13.54;13.46;13.49
2015-03-05;NTDOY;14.06;14.16;14.06;14.11
2015-03-06;NTDOY;14.33;14.34;14.2;14.25
2015-03-09;NTDOY;14.3;14.34;14.14;14.27
2015-03-10;NTDOY;13.64;13.83;13.64;13.81
2015-03-11;NTDOY;13.6;13.74;13.6;13.67
2015-03-12;NTDOY;13.81;13.95;13.81;13.94
2015-03-13;NTDOY;14.02;14.1;14.01;14.04
2015-03-16;NTDOY;14.32;14.38;14.29;14.29
2015-03-17;NTDOY;16.0;19.200001;16.0;18.219999
2015-03-18;NTDOY;21.209999;24.5;21.209999;22.15
2015-03-19;NTDOY;19.879999;19.889999;19.309999;19.6
2015-03-20;NTDOY;18.49;18.690001;18.23;18.690001
2015-03-23;NTDOY;19.110001;19.32;19.110001;19.200001
2015-03-24;NTDOY;18.9;18.9;18.639999;18.65
2015-03-25;NTDOY;19.5;19.5;19.16;19.209999
2015-03-26;NTDOY;18.889999;19.139999;18.629999;18.66
2015-03-27;NTDOY;19.219999;19.219999;18.9;19.08
2015-03-30;NTDOY;18.93;18.93;18.84;18.92
2015-03-31;NTDOY;18.4;18.469999;18.4;18.43
2015-04-01;NTDOY;18.639999;18.73;18.540001;18.719999
2015-04-02;NTDOY;18.35;18.4;18.32;18.360001
2015-04-06;NTDOY;19.360001;19.709999;19.280001;19.639999
2015-04-07;NTDOY;19.84;19.940001;19.76;19.940001
2015-04-08;NTDOY;19.940001;19.940001;19.75;19.790001
2015-04-09;NTDOY;19.48;19.68;19.459999;19.620001
2015-04-10;NTDOY;19.549999;19.799999;19.52;19.74
2015-04-13;NTDOY;20.49;20.530001;20.290001;20.35
2015-04-14;NTDOY;20.35;20.35;20.190001;20.23
2015-04-15;NTDOY;20.700001;20.870001;20.700001;20.84
2015-04-16;NTDOY;21.559999;21.700001;21.450001;21.6
2015-04-17;NTDOY;21.459999;21.459999;21.120001;21.25
2015-04-20;NTDOY;21.360001;21.360001;21.25;21.35
2015-04-21;NTDOY;21.68;21.799999;21.610001;21.690001
2015-04-22;NTDOY;21.84;21.93;21.75;21.879999
2015-04-23;NTDOY;21.129999;21.25;21.01;21.24
2015-04-24;NTDOY;21.639999;21.93;21.639999;21.85
2015-04-27;NTDOY;21.68;21.85;21.530001;21.530001
2015-04-28;NTDOY;21.719999;22.35;21.690001;22.25
2015-04-29;NTDOY;22.049999;22.049999;21.75;21.799999
2015-04-30;NTDOY;21.41;21.41;21.040001;21.040001
2015-05-01;NTDOY;21.18;21.190001;21.08;21.190001
2015-05-04;NTDOY;21.51;21.51;21.209999;21.299999
2015-05-05;NTDOY;21.209999;21.51;20.879999;20.879999
2015-05-06;NTDOY;20.92;20.93;20.77;20.780001
2015-05-07;NTDOY;21.17;22.24;21.120001;21.585
2015-05-08;NTDOY;22.24;22.42;22.17;22.389999
2015-05-11;NTDOY;21.549999;21.549999;21.4;21.450001
2015-05-12;NTDOY;21.58;21.620001;21.459999;21.59
2015-05-13;NTDOY;23.01;23.200001;23.01;23.09
2015-05-14;NTDOY;23.610001;23.65;23.530001;23.65
2015-05-15;NTDOY;23.780001;23.879999;23.66;23.879999
2015-05-18;NTDOY;23.549999;23.549999;23.219999;23.27
2015-05-19;NTDOY;23.0;23.0;22.719999;22.75
2015-05-20;NTDOY;22.549999;22.559999;22.370001;22.48
2015-05-21;NTDOY;22.32;22.42;22.26;22.309999
2015-05-22;NTDOY;21.959999;22.08;21.959999;22.01
2015-05-26;NTDOY;21.74;21.74;21.4;21.440001
2015-05-27;NTDOY;20.969999;21.1;20.77;21.07
2015-05-28;NTDOY;21.059999;21.059999;20.790001;20.969999
2015-05-29;NTDOY;21.23;21.23;21.110001;21.16
2015-06-01;NTDOY;21.6;21.700001;21.51;21.57
2015-06-02;NTDOY;21.139999;21.18;21.09;21.09
2015-06-03;NTDOY;21.200001;21.200001;21.049999;21.1
2015-06-04;NTDOY;21.25;21.25;21.16;21.190001
2015-06-05;NTDOY;20.860001;20.870001;20.82;20.85
2015-06-08;NTDOY;20.790001;20.790001;20.65;20.719999
2015-06-09;NTDOY;20.389999;20.5;20.33;20.42
2015-06-10;NTDOY;20.52;20.73;20.52;20.65
2015-06-11;NTDOY;20.42;20.42;20.24;20.280001
2015-06-12;NTDOY;20.610001;20.65;20.549999;20.65
2015-06-15;NTDOY;20.530001;20.530001;20.370001;20.51
2015-06-16;NTDOY;20.450001;20.629999;20.450001;20.629999
2015-06-17;NTDOY;20.1500005;20.299999;20.085;20.294999
2015-06-18;NTDOY;19.85;19.969999;19.719999;19.959999
2015-06-19;NTDOY;19.84;20.0;19.84;19.99
2015-06-22;NTDOY;20.4;20.67;20.360001;20.540001
2015-06-23;NTDOY;21.139999;21.299999;21.139999;21.290001
2015-06-24;NTDOY;21.35;21.35;20.9;20.93
2015-06-25;NTDOY;21.35;21.76;21.34;21.545
2015-06-26;NTDOY;22.1;22.17;22.0;22.16
2015-06-29;NTDOY;21.43;21.559999;21.08;21.280001
2015-06-30;NTDOY;21.17;21.17;20.85;20.98
2015-07-01;NTDOY;21.219999;21.76;21.219999;21.52
2015-07-02;NTDOY;21.370001;21.4;21.33;21.360001
2015-07-06;NTDOY;21.0650005;21.0999995;20.9399995;21.070000999999998
2015-07-07;NTDOY;20.76;20.799999;20.549999;20.780001
2015-07-08;NTDOY;20.459999;20.530001;19.84;20.0
2015-07-09;NTDOY;20.4;20.42;20.200001;20.23
2015-07-10;NTDOY;20.25;20.25;20.02;20.08
2015-07-13;NTDOY;20.23;20.33;20.15;20.095000499999998
2015-07-14;NTDOY;20.09;20.120001;20.0;20.110001
2015-07-15;NTDOY;20.49;20.559999;20.450001;20.48
2015-07-16;NTDOY;21.01;21.309999;21.01;21.299999
2015-07-17;NTDOY;21.469999;21.620001;21.450001;21.610001
2015-07-20;NTDOY;21.52;21.66;21.52;21.65
2015-07-21;NTDOY;21.74;21.91;21.700001;21.9
2015-07-22;NTDOY;21.629999;21.709999;21.559999;21.68
2015-07-23;NTDOY;21.9;22.0;21.85;21.879999
2015-07-24;NTDOY;21.860001;21.889999;21.700001;21.700001
2015-07-27;NTDOY;20.790001;21.040001;20.76;20.83
2015-07-28;NTDOY;20.809999;21.040001;20.790001;21.040001
2015-07-29;NTDOY;21.77;22.950001;21.42;22.9
2015-07-30;NTDOY;22.290001;22.5;22.209999;22.43
2015-07-31;NTDOY;22.17;22.17;21.950001;22.01
2015-08-03;NTDOY;22.26;22.4;22.15;22.299999
2015-08-04;NTDOY;22.459999;22.459999;22.280001;22.379999
2015-08-05;NTDOY;23.1;23.24;23.0;23.200001
2015-08-06;NTDOY;22.860001;23.059999;22.83;22.860001
2015-08-07;NTDOY;23.24;23.34;23.15;23.299999
2015-08-10;NTDOY;24.6;24.77;24.6;24.75
2015-08-11;NTDOY;24.32;24.65;24.32;24.459999
2015-08-12;NTDOY;24.280001;24.379999;23.98;24.32
2015-08-13;NTDOY;24.299999;24.32;24.25;24.32
2015-08-14;NTDOY;24.07;24.280001;24.07;24.24
2015-08-17;NTDOY;24.59;24.780001;24.48;24.75
2015-08-18;NTDOY;24.540001;24.83;24.540001;24.799999
2015-08-19;NTDOY;24.790001;24.93;24.790001;24.91
2015-08-20;NTDOY;24.91;24.959999;24.690001;24.700001
2015-08-21;NTDOY;24.049999;24.24;23.43;23.459999
2015-08-24;NTDOY;21.799999;22.43;21.610001;22.299999
2015-08-25;NTDOY;24.059999;24.43;23.379999;23.49
2015-08-26;NTDOY;24.950001;25.200001;24.629999;25.190001
2015-08-27;NTDOY;24.809999;24.809999;24.52;24.780001
2015-08-28;NTDOY;25.0;25.0;24.799999;24.85
2015-08-31;NTDOY;25.290001;25.709999;25.290001;25.620001
2015-09-01;NTDOY;24.1;24.620001;24.1;24.280001
2015-09-02;NTDOY;24.67;24.950001;24.67;24.83
2015-09-03;NTDOY;24.549999;24.719999;24.51;24.58
2015-09-04;NTDOY;23.950001;24.09;23.58;23.959999
2015-09-08;NTDOY;23.690001;24.0;23.690001;23.950001
2015-09-09;NTDOY;24.35;24.35;23.860001;23.860001
2015-09-10;NTDOY;24.24;24.24;24.049999;24.190001
2015-09-11;NTDOY;23.799999;23.870001;23.65;23.84
2015-09-14;NTDOY;23.780001;24.030001;23.530001;23.73
2015-09-15;NTDOY;23.73;23.75;23.5;23.74
2015-09-16;NTDOY;22.65;22.700001;22.43;22.690001
2015-09-17;NTDOY;21.73;22.26;21.73;21.9
2015-09-18;NTDOY;21.75;21.75;21.530001;21.530001
2015-09-21;NTDOY;21.549999;21.75;21.549999;21.75
2015-09-22;NTDOY;21.43;21.51;21.299999;21.41
2015-09-23;NTDOY;21.42;21.610001;21.299999;21.42
2015-09-24;NTDOY;20.969999;21.049999;20.629999;20.99
2015-09-25;NTDOY;21.42;21.459999;21.1;21.299999
2015-09-28;NTDOY;20.82;20.82;20.629999;20.65
2015-09-29;NTDOY;20.360001;20.549999;20.209999;20.34
2015-09-30;NTDOY;20.860001;20.98;20.719999;20.969999
2015-10-01;NTDOY;21.52;21.530001;21.299999;21.530001
2015-10-02;NTDOY;21.6;21.889999;21.549999;21.889999
2015-10-05;NTDOY;22.200001;22.540001;22.200001;22.49
2015-10-06;NTDOY;22.299999;22.32;22.01;22.220000499999998
2015-10-07;NTDOY;21.9;21.98;21.860001;21.950001
2015-10-08;NTDOY;21.5;21.9;21.5;21.790001
2015-10-09;NTDOY;22.030001;22.25;21.959999;22.09
2015-10-12;NTDOY;22.17;22.200001;22.040001;22.129999
2015-10-13;NTDOY;22.85;23.1;22.6;22.799999
2015-10-14;NTDOY;22.309999;22.450001;22.219999;22.35
2015-10-15;NTDOY;23.01;23.209999;23.01;23.209999
2015-10-16;NTDOY;23.84;23.9;23.799999;23.889999
2015-10-19;NTDOY;24.09;24.360001;24.09;24.360001
2015-10-20;NTDOY;24.360001;24.379999;24.110001;24.219999
2015-10-21;NTDOY;24.26;24.360001;24.26;24.290001
2015-10-22;NTDOY;24.25;24.35;24.16;24.34
2015-10-23;NTDOY;24.700001;24.700001;24.459999;24.620001
2015-10-26;NTDOY;24.75;24.879999;24.73;24.860001
2015-10-27;NTDOY;24.27;24.27;24.08;24.08
2015-10-28;NTDOY;23.82;24.719999;23.459999;24.360001
2015-10-29;NTDOY;21.65;21.91;21.389999;21.51
2015-10-30;NTDOY;20.32;20.65;20.049999;20.219999
2015-11-02;NTDOY;20.02;20.459999;20.02;20.43
2015-11-03;NTDOY;20.43;20.43;20.26;20.360001
2015-11-04;NTDOY;20.59;20.59;20.299999;20.360001
2015-11-05;NTDOY;20.85;20.85;20.41;20.51
2015-11-06;NTDOY;20.540001;20.549999;20.43;20.49
2015-11-09;NTDOY;20.91;21.030001;20.83;20.9
2015-11-10;NTDOY;20.42;20.82;20.42;20.68
2015-11-11;NTDOY;20.74;20.860001;20.74;20.790001
2015-11-12;NTDOY;20.7;20.7600005;20.545;20.575001
2015-11-13;NTDOY;20.66;20.66;20.35;20.360001
2015-11-16;NTDOY;19.99;19.99;19.809999;19.940001
2015-11-17;NTDOY;19.744999999999997;19.835;19.654999500000002;19.8050005
2015-11-18;NTDOY;19.5;19.68;19.5;19.67
2015-11-19;NTDOY;19.6;19.6;19.530001;19.530001
2015-11-20;NTDOY;19.66;19.68;19.639999;19.5550005
2015-11-23;NTDOY;19.629999;19.73;19.549999;19.58
2015-11-24;NTDOY;19.700001;19.700001;19.530001;19.67
2015-11-25;NTDOY;19.610001;19.860001;19.610001;19.860001
2015-11-27;NTDOY;19.77;19.809999;19.440001;19.540001
2015-11-30;NTDOY;19.049999;19.35;19.049999;19.129999
2015-12-01;NTDOY;19.42;19.549999;19.41;19.450001
2015-12-02;NTDOY;19.67;19.67;19.42;19.440001
2015-12-03;NTDOY;19.43;19.559999;19.26;19.27
2015-12-04;NTDOY;19.120001;19.35;19.120001;19.34
2015-12-07;NTDOY;19.17;19.23;19.059999;19.16
2015-12-08;NTDOY;18.530001;18.549999;18.4;18.49
2015-12-09;NTDOY;18.84;19.0;18.780001;18.799999
2015-12-10;NTDOY;18.700001;18.74;18.66;18.67
2015-12-11;NTDOY;18.4;18.41;18.09;18.110001
2015-12-14;NTDOY;18.17;18.18;18.02;18.1
2015-12-15;NTDOY;17.559999;17.68;17.5;17.559999
2015-12-16;NTDOY;17.540001;17.73;17.530001;17.73
2015-12-17;NTDOY;17.52;17.639999;17.360001;17.360001
2015-12-18;NTDOY;17.200001;17.200001;17.049999;17.07
2015-12-21;NTDOY;17.129999;17.129999;16.85;16.91
2015-12-22;NTDOY;16.799999;16.799999;16.66;16.719999
2015-12-23;NTDOY;16.73;16.860001;16.73;16.860001
2015-12-24;NTDOY;16.799999;16.799999;16.610001;16.629999
2015-12-28;NTDOY;16.98;17.07;16.940001;16.99
2015-12-29;NTDOY;17.559999;17.66;17.559999;17.66
2015-12-30;NTDOY;17.41;17.41;17.27;17.27
2015-12-31;NTDOY;17.27;17.32;17.23;17.26
2016-01-04;NTDOY;17.24;17.25;17.07;17.25
2016-01-05;NTDOY;17.110001;17.110001;16.549999;16.559999
2016-01-06;NTDOY;15.85;15.87;15.61;15.74
2016-01-07;NTDOY;15.81;16.120001;15.81;15.98
2016-01-08;NTDOY;16.129999;16.280001;16.01;16.049999
2016-01-11;NTDOY;16.07;16.07;15.93;16.02
2016-01-12;NTDOY;15.73;15.73;15.34;15.49
2016-01-13;NTDOY;16.290001;16.290001;15.88;15.97
2016-01-14;NTDOY;15.78;15.87;15.63;15.86
2016-01-15;NTDOY;15.57;15.62;15.41;15.53
2016-01-19;NTDOY;17.1;17.209999;16.860001;17.02
2016-01-20;NTDOY;15.92;15.98;15.61;16.5399995
2016-01-21;NTDOY;15.89;16.1;15.76;16.059999
2016-01-22;NTDOY;16.4;16.505000000000003;16.13;16.3199995
2016-01-25;NTDOY;16.91;16.91;16.5;16.58
2016-01-26;NTDOY;16.889999;17.040001;16.85;16.99
2016-01-27;NTDOY;16.51;16.74;16.469999;16.559999
2016-01-28;NTDOY;16.65;16.65;16.389999;16.469999
2016-01-29;NTDOY;17.35;17.58;17.15;17.57
2016-02-01;NTDOY;17.75;17.809999;17.610001;17.799999
2016-02-02;NTDOY;17.84;18.799999;17.77;18.32
2016-02-03;NTDOY;17.75;17.84;17.440001;17.65
2016-02-04;NTDOY;18.0;18.219999;17.959999;18.110001
2016-02-05;NTDOY;18.15;18.15;17.85;17.860001
2016-02-08;NTDOY;18.43;18.43;17.83;18.09
2016-02-09;NTDOY;17.049999;17.200001;17.0;17.200001
2016-02-10;NTDOY;17.02;17.02;16.74;16.74
2016-02-11;NTDOY;16.559999;16.629999;16.34;16.6
2016-02-12;NTDOY;16.120001;16.49;16.059999;16.49
2016-02-16;NTDOY;17.33;17.4;17.200001;17.27
2016-02-17;NTDOY;17.299999;17.379999;17.27;17.35
2016-02-18;NTDOY;18.049999;18.360001;17.85;17.860001
2016-02-19;NTDOY;17.77;17.77;17.549999;18.125
2016-02-22;NTDOY;18.1;18.389999;18.1;18.389999
2016-02-23;NTDOY;18.26;18.26;18.0;18.040001
2016-02-24;NTDOY;17.85;18.01;17.6;18.01
2016-02-25;NTDOY;18.030001;18.049999;17.83;18.049999
2016-02-26;NTDOY;16.75;16.799999;16.379999;16.68
2016-02-29;NTDOY;16.879999;17.5;16.879999;17.389999
2016-03-01;NTDOY;17.200001;17.32;17.15;17.299999
2016-03-02;NTDOY;17.32;17.52;17.32;17.52
2016-03-03;NTDOY;17.86;17.96;17.75;17.860000499999998
2016-03-04;NTDOY;18.4;18.4;18.18;18.200001
2016-03-07;NTDOY;17.370001;17.379999;17.059999;17.280001
2016-03-08;NTDOY;17.52;17.530001;17.370001;17.389999
2016-03-09;NTDOY;17.450001;17.530001;17.370001;17.530001
2016-03-10;NTDOY;17.67;17.83;17.42;17.57
2016-03-11;NTDOY;17.889999;17.889999;17.77;17.870001
2016-03-14;NTDOY;17.639999;17.639999;17.389999;17.635000499999997
2016-03-15;NTDOY;17.48;17.48;17.34;17.4
2016-03-16;NTDOY;17.440001;17.559999;17.379999;17.49
2016-03-17;NTDOY;17.0;17.6;17.0;17.455
2016-03-18;NTDOY;17.309999;17.450001;17.129999;17.42
2016-03-21;NTDOY;17.299999;17.440001;17.299999;17.34
2016-03-22;NTDOY;18.120001;18.620001;18.120001;18.35
2016-03-23;NTDOY;18.26;18.26;18.07;18.5
2016-03-24;NTDOY;18.18;18.65;18.18;18.65
2016-03-28;NTDOY;18.639999;18.9;18.549999;18.66
2016-03-29;NTDOY;18.559999;18.9;18.309999;18.889999
2016-03-30;NTDOY;18.290001;18.34;18.07;18.16
2016-03-31;NTDOY;18.0;18.0;17.75;17.75
2016-04-01;NTDOY;17.360001;17.5;17.17;17.32
2016-04-04;NTDOY;17.290001;17.379999;17.17;17.190001
2016-04-05;NTDOY;16.85;16.969999;16.73;16.93
2016-04-06;NTDOY;17.129999;17.15;16.9;17.139999
2016-04-07;NTDOY;17.5549995;17.8400005;17.285;17.63
2016-04-08;NTDOY;17.98;18.530001;17.67;18.120001
2016-04-11;NTDOY;18.43;18.43;18.15;18.290001
2016-04-12;NTDOY;18.629999;18.9;18.629999;18.9
2016-04-13;NTDOY;18.700001;18.889999;18.639999;18.74
2016-04-14;NTDOY;19.0;19.1;19.0;19.059999
2016-04-15;NTDOY;19.09;19.129999;18.940001;19.059999
2016-04-18;NTDOY;19.040001;19.25;18.99;19.219999
2016-04-19;NTDOY;19.48;19.620001;19.48;19.59
2016-04-20;NTDOY;19.68;19.969999;19.68;19.91
2016-04-21;NTDOY;19.84;19.84;19.58;19.690001
2016-04-22;NTDOY;19.459999;19.459999;19.34;19.4
2016-04-25;NTDOY;19.16;19.16;18.85;18.889999
2016-04-26;NTDOY;18.700001;18.879999;18.620001;18.719999
2016-04-27;NTDOY;18.030001;18.12;17.845000499999998;17.9099995
2016-04-28;NTDOY;17.360001;17.360001;17.07;17.1
2016-04-29;NTDOY;17.190001;17.190001;16.940001;17.059999
2016-05-02;NTDOY;17.18;17.49;17.18;17.469999
2016-05-03;NTDOY;17.200001;17.51;17.200001;17.450001
2016-05-04;NTDOY;17.4;17.450001;17.18;17.299999
2016-05-05;NTDOY;17.299999;17.389999;17.299999;17.35
2016-05-06;NTDOY;17.299999;17.5;17.200001;17.480000500000003
2016-05-09;NTDOY;17.440001;17.700001;17.440001;17.610001
2016-05-10;NTDOY;17.3800005;17.6000005;17.3800005;17.5100005
2016-05-11;NTDOY;17.32;17.5;17.32;17.41
2016-05-12;NTDOY;17.540001;17.799999;17.51;17.799999
2016-05-13;NTDOY;17.73;17.73;17.51;17.690001
2016-05-16;NTDOY;17.92;18.059999;17.76;18.040001
2016-05-17;NTDOY;18.280001;18.32;18.110001;18.17
2016-05-18;NTDOY;18.129999;18.43;18.129999;18.35
2016-05-19;NTDOY;18.610001;18.610001;18.35;18.42
2016-05-20;NTDOY;18.49;18.5;18.379999;18.5
2016-05-23;NTDOY;18.440001;18.440001;18.23;18.32
2016-05-24;NTDOY;17.9;18.16;17.9;18.16
2016-05-25;NTDOY;18.18;18.35;18.16;18.32
2016-05-26;NTDOY;18.299999;18.299999;18.040001;18.17
2016-05-27;NTDOY;17.809999;18.25;17.809999;18.0
2016-05-31;NTDOY;18.24;18.450001;18.24;18.34
2016-06-01;NTDOY;18.190001;18.25;18.02;18.219999
2016-06-02;NTDOY;17.950001;18.09;17.950001;18.059999
2016-06-03;NTDOY;18.1;18.17;18.01;18.139999
2016-06-06;NTDOY;18.42;18.5;18.200001;18.459999
2016-06-07;NTDOY;18.73;19.0;18.73;18.860001
2016-06-08;NTDOY;19.059999;19.360001;18.860001;19.35
2016-06-09;NTDOY;18.76;19.0;18.76;18.950001
2016-06-10;NTDOY;18.700001;18.709999;18.440001;18.5
2016-06-13;NTDOY;18.1;18.1;18.0;18.01
2016-06-14;NTDOY;17.99;17.99;17.799999;17.82
2016-06-15;NTDOY;17.799999;17.950001;17.75;17.780001
2016-06-16;NTDOY;17.639999;17.67;17.43;17.67
2016-06-17;NTDOY;17.5;17.66;17.5;17.610001
2016-06-20;NTDOY;17.719999;18.0;17.719999;17.950001
2016-06-21;NTDOY;17.879999;18.1;17.879999;17.99
2016-06-22;NTDOY;17.84;17.84;17.700001;17.700001
2016-06-23;NTDOY;17.85;17.879999;17.75;17.83
2016-06-24;NTDOY;17.23;17.32;17.0;17.26
2016-06-27;NTDOY;16.950001;17.07;16.77;16.809999
2016-06-28;NTDOY;17.16;17.16;16.92;17.129999
2016-06-29;NTDOY;17.809999;17.809999;17.719999;17.780001
2016-06-30;NTDOY;17.790001;17.799999;17.559999;17.780001
2016-07-01;NTDOY;17.700001;17.83;17.700001;17.75
2016-07-05;NTDOY;17.450001;17.690001;17.450001;17.5
2016-07-06;NTDOY;17.709999;17.709999;17.450001;17.629999
2016-07-07;NTDOY;18.639999;18.809999;18.35;18.809999
2016-07-08;NTDOY;20.58;20.85;20.469999;20.73
2016-07-11;NTDOY;29.0;30.25;26.75;27.700001
2016-07-12;NTDOY;28.43;28.700001;27.58;27.59
2016-07-13;NTDOY;26.58;27.049999;26.25;26.530001
2016-07-14;NTDOY;30.709999;30.709999;29.870001;30.549999
2016-07-15;NTDOY;33.205;34.4799995;32.7349995;33.959998999999996
2016-07-18;NTDOY;35.700001;38.25;35.599998;37.369999
2016-07-19;NTDOY;37.990002;38.09;33.049999;35.849998
2016-07-20;NTDOY;33.889999;33.900002;32.25;33.82
2016-07-21;NTDOY;32.400002;33.150002;32.220001;32.419998
2016-07-22;NTDOY;29.950001;30.0;27.75;29.0
2016-07-25;NTDOY;26.049999;27.389999;25.200001;25.65
2016-07-26;NTDOY;27.26;27.540001;26.879999;27.540001
2016-07-27;NTDOY;24.75;26.379999;24.65;26.24
2016-07-28;NTDOY;25.24;25.389999;24.92;25.01
2016-07-29;NTDOY;25.719999;26.110001;25.559999;25.780001
2016-08-01;NTDOY;25.360001;25.5;25.040001;25.5
2016-08-02;NTDOY;25.559999;25.67;25.200001;25.52
2016-08-03;NTDOY;25.844999;26.035;25.605000500000003;25.935000000000002
2016-08-04;NTDOY;26.129999;26.4;26.01;26.35
2016-08-05;NTDOY;25.690001;25.82;25.5;25.82
2016-08-08;NTDOY;25.98;26.1;25.860001;26.030001
2016-08-09;NTDOY;27.83;27.99;27.610001;27.92
2016-08-10;NTDOY;28.1;28.389999;28.0;28.27
2016-08-11;NTDOY;28.280001;28.42;28.209999;28.33
2016-08-12;NTDOY;27.1;27.5;26.5;27.43
2016-08-15;NTDOY;27.26;27.34;27.16;27.18
2016-08-16;NTDOY;27.1;27.1;26.82;27.0
2016-08-17;NTDOY;28.02;28.08;27.82;28.01
2016-08-18;NTDOY;28.49;28.67;28.32;28.58
2016-08-19;NTDOY;27.5;27.84;27.299999;27.83
2016-08-22;NTDOY;28.110001;28.4;28.110001;28.290001
2016-08-23;NTDOY;28.309999;28.309999;28.0;28.01
2016-08-24;NTDOY;27.879999;27.879999;27.450001;27.540001
2016-08-25;NTDOY;27.5;27.540001;27.4;27.459999
2016-08-26;NTDOY;26.950001;27.290001;26.780001;26.9
2016-08-29;NTDOY;26.995001000000002;27.230000500000003;26.8900005;26.96
2016-08-30;NTDOY;27.040001;27.17;27.0;27.02
2016-08-31;NTDOY;27.200001;27.370001;27.16;27.280001
2016-09-01;NTDOY;28.059999;28.120001;27.85;28.01
2016-09-02;NTDOY;28.73;28.9;28.52;28.84
2016-09-06;NTDOY;28.190001;28.35;27.9;28.200001
2016-09-07;NTDOY;30.209999;36.549999;30.0;36.32
2016-09-08;NTDOY;34.130001;34.27;33.099998;33.880001
2016-09-09;NTDOY;33.34;33.540001;32.799999;32.900002
2016-09-12;NTDOY;32.639999;33.16;32.490002;33.150002
2016-09-13;NTDOY;31.25;31.93;31.09;31.35
2016-09-14;NTDOY;31.219999;31.690001;31.16;31.6
2016-09-15;NTDOY;32.689999;33.25;32.52;33.110001
2016-09-16;NTDOY;32.970001;33.200001;32.630001;32.700001
2016-09-19;NTDOY;32.990002;33.049999;32.77;32.869999
2016-09-20;NTDOY;33.349998;33.580002;33.32;33.48
2016-09-21;NTDOY;33.099998;33.419998;33.099998;33.400002
2016-09-22;NTDOY;33.599998;33.880001;33.470001;33.740002
2016-09-23;NTDOY;33.529999;33.57;33.43;33.5
2016-09-26;NTDOY;32.77;33.02;32.630001;32.98
2016-09-27;NTDOY;33.029999;33.5;33.029999;33.41
2016-09-28;NTDOY;33.389999;33.740002;33.310001;33.740002
2016-09-29;NTDOY;33.400002;33.77;33.060001;33.209999
2016-09-30;NTDOY;32.990002;33.099998;32.889999;32.98
2016-10-03;NTDOY;32.73;32.73;32.43;32.490002
2016-10-04;NTDOY;31.889999;32.330002;31.82;31.889999
2016-10-05;NTDOY;32.209999;32.580002;32.209999;32.540001
2016-10-06;NTDOY;31.85;31.99;31.629999;31.799999
2016-10-07;NTDOY;32.330002;32.619999;31.92;32.18
2016-10-10;NTDOY;32.59;32.59;32.16;32.419998
2016-10-11;NTDOY;31.700001;31.700001;31.41;31.67
2016-10-12;NTDOY;31.15;31.379999;31.1;31.209999
2016-10-13;NTDOY;31.17;31.379999;31.15;31.219999
2016-10-14;NTDOY;32.0;32.23;31.719999;32.02
2016-10-17;NTDOY;31.219999;31.23;31.0;31.23
2016-10-18;NTDOY;31.5;31.690001;31.280001;31.629999
2016-10-19;NTDOY;31.52;31.6;31.43;31.59
2016-10-20;NTDOY;32.439999;32.830002;32.09;32.369999
2016-10-21;NTDOY;30.360001;30.700001;30.33;30.469999
2016-10-24;NTDOY;28.809999;29.120001;28.73;29.09
2016-10-25;NTDOY;28.854999499999998;29.010000499999997;28.314999999999998;28.5600005
2016-10-26;NTDOY;28.9;28.9;27.9;28.030001
2016-10-27;NTDOY;29.469999;29.76;29.469999;29.65
2016-10-28;NTDOY;30.24;30.42;30.07;30.17
2016-10-31;NTDOY;30.18;30.25;30.07;30.09
2016-11-01;NTDOY;30.049999;30.299999;29.93;30.1
2016-11-02;NTDOY;30.17;30.67;30.17;30.25
2016-11-03;NTDOY;30.440001;30.440001;30.309999;30.33
2016-11-04;NTDOY;29.48;29.75;29.4;29.43
2016-11-07;NTDOY;29.469999;29.549999;29.379999;29.5
2016-11-08;NTDOY;29.200001;29.34;29.1;29.23
2016-11-09;NTDOY;28.16;28.92;28.139999;28.790001
2016-11-10;NTDOY;28.75;28.99;28.6;28.74
2016-11-11;NTDOY;28.51;28.610001;28.17;28.459999
2016-11-14;NTDOY;28.58;28.75;28.299999;28.42
2016-11-15;NTDOY;28.540001;28.799999;28.4;28.780001
2016-11-16;NTDOY;28.91;29.209999;28.91;29.15
2016-11-17;NTDOY;29.940001;30.15;29.719999;30.139999
2016-11-18;NTDOY;30.25;30.530001;30.200001;30.49
2016-11-21;NTDOY;31.0;31.299999;31.0;31.280001
2016-11-22;NTDOY;31.23;31.98;31.23;31.9
2016-11-23;NTDOY;31.540001;32.59;31.4;32.0
2016-11-25;NTDOY;31.030001;31.77;30.75;30.99
2016-11-28;NTDOY;31.23;31.450001;31.049999;31.18
2016-11-29;NTDOY;31.01;31.25;31.0;31.219999
2016-11-30;NTDOY;30.84;31.200001;30.52;30.83
2016-12-01;NTDOY;30.389999;30.6;30.23;30.290001
2016-12-02;NTDOY;29.690001;29.870001;29.52;29.610001
2016-12-05;NTDOY;30.15;30.15;29.65;29.93
2016-12-06;NTDOY;30.209999;30.74;30.209999;30.65
2016-12-07;NTDOY;30.530001;31.0;30.530001;30.99
2016-12-08;NTDOY;30.92;31.41;30.9;31.34
2016-12-09;NTDOY;32.049999;32.18;31.559999;32.099998
2016-12-12;NTDOY;31.969999;32.130001;31.83;32.09
2016-12-13;NTDOY;31.15;31.799999;30.75;31.219999
2016-12-14;NTDOY;30.549999;30.709999;30.280001;30.35
2016-12-15;NTDOY;29.559999;29.59;29.35;29.360001
2016-12-16;NTDOY;28.15;28.17;26.719999;27.110001
2016-12-19;NTDOY;26.25;26.389999;25.85;26.040001
2016-12-20;NTDOY;26.27;26.690001;26.1;26.41
2016-12-21;NTDOY;26.15;26.299999;25.360001;25.73
2016-12-22;NTDOY;24.940001;25.07;24.440001;24.610001
2016-12-23;NTDOY;24.959999;25.15;24.65;25.040001
2016-12-27;NTDOY;25.85;26.200001;25.84;26.08
2016-12-28;NTDOY;26.0;26.09;25.73;25.76
2016-12-29;NTDOY;25.940001;26.1;25.77;25.940001
2016-12-30;NTDOY;26.0;26.25;25.9;25.950001
2017-01-03;NTDOY;25.98;26.219999;25.950001;26.190001
2017-01-04;NTDOY;26.08;26.16;25.93;26.16
2017-01-05;NTDOY;25.9399995;26.08;25.8249995;26.08
2017-01-06;NTDOY;25.799999;26.0;25.719999;26.0
2017-01-09;NTDOY;26.0;26.08;25.889999;26.08
2017-01-10;NTDOY;26.469999;27.280001;26.35;27.0
2017-01-11;NTDOY;27.26;27.48;27.049999;27.469999
2017-01-12;NTDOY;27.85;27.889999;27.34;27.6
2017-01-13;NTDOY;25.9;26.17;25.67;25.85
2017-01-17;NTDOY;25.959999;26.15;25.84;26.120001
2017-01-18;NTDOY;25.99;25.99;25.690001;26.125
2017-01-19;NTDOY;25.85;26.190001;25.690001;26.129999
2017-01-20;NTDOY;25.84;25.98;25.700001;25.76
2017-01-23;NTDOY;25.85;26.040001;25.799999;25.969999
2017-01-24;NTDOY;26.01;26.139999;25.65;25.959999
2017-01-25;NTDOY;25.969999;26.25;25.950001;26.25
2017-01-26;NTDOY;26.25;26.25;25.780001;25.809999
2017-01-27;NTDOY;25.629999;25.84;25.379999;25.389999
2017-01-30;NTDOY;25.41;25.639999;25.33;25.41
2017-01-31;NTDOY;25.299999;25.549999;24.120001;24.73
2017-02-01;NTDOY;24.790001;25.01;24.780001;25.0
2017-02-02;NTDOY;25.030001;25.16;24.889999;25.09
2017-02-03;NTDOY;26.41;26.76;26.25;26.700001
2017-02-06;NTDOY;26.469999;26.65;26.290001;26.41
2017-02-07;NTDOY;25.879999;26.0;25.799999;25.870001
2017-02-08;NTDOY;25.83;25.950001;25.799999;25.870001
2017-02-09;NTDOY;25.799999;26.09;25.67;26.040001
2017-02-10;NTDOY;26.049999;26.1;26.0;26.030001
2017-02-13;NTDOY;26.030001;26.17;25.790001;25.809999
2017-02-14;NTDOY;25.67;25.799999;25.18;25.52
2017-02-15;NTDOY;24.75;24.91;24.68;24.77
2017-02-16;NTDOY;25.07;25.379999;25.030001;25.370001
2017-02-17;NTDOY;25.9;25.9;25.5;25.67
2017-02-21;NTDOY;25.68;25.700001;25.32;25.57
2017-02-22;NTDOY;25.58;25.73;25.450001;25.68
2017-02-23;NTDOY;25.75;25.790001;25.57;25.59
2017-02-24;NTDOY;25.940001;26.200001;25.93;26.190001
2017-02-27;NTDOY;26.09;26.43;26.09;26.35
2017-02-28;NTDOY;26.25;26.35;26.059999;26.110001
2017-03-01;NTDOY;26.0;26.01;25.610001;25.82
2017-03-02;NTDOY;25.09;25.25;25.0;25.07
2017-03-03;NTDOY;25.950001;26.09;25.9;26.040001
2017-03-06;NTDOY;26.59;26.74;26.48;26.74
2017-03-07;NTDOY;26.93;28.17;26.799999;27.66
2017-03-08;NTDOY;27.35;27.360001;27.049999;27.26
2017-03-09;NTDOY;26.83;27.02;26.790001;26.860001
2017-03-10;NTDOY;27.0;27.0;26.77;26.85
2017-03-13;NTDOY;27.379999;27.379999;27.1;27.16
2017-03-14;NTDOY;26.959999;27.1;26.870001;27.0
2017-03-15;NTDOY;27.02;27.4;27.02;27.4
2017-03-16;NTDOY;27.639999;27.809999;27.639999;27.74
2017-03-17;NTDOY;28.35;29.58;28.299999;29.049999
2017-03-20;NTDOY;29.059999;29.549999;28.99;29.41
2017-03-21;NTDOY;29.24;29.299999;29.040001;29.040001
2017-03-22;NTDOY;30.440001;30.959999;30.43;30.959999
2017-03-23;NTDOY;30.370001;30.65;30.08;30.5
2017-03-24;NTDOY;30.27;30.76;30.07;30.219999
2017-03-27;NTDOY;30.34;30.5;30.17;30.459999
2017-03-28;NTDOY;30.23;30.24;29.52;29.76
2017-03-29;NTDOY;29.75;30.0;29.73;29.870001
2017-03-30;NTDOY;29.42;29.42;29.0;29.15
2017-03-31;NTDOY;29.200001;29.27;28.92;29.02
2017-04-03;NTDOY;30.09;30.1;29.82;29.959999
2017-04-04;NTDOY;29.32;29.76;29.219999;29.299999
2017-04-05;NTDOY;29.32;29.49;29.280001;29.299999
2017-04-06;NTDOY;29.809999;29.879999;29.65;29.790001
2017-04-07;NTDOY;29.059999;29.309999;28.93;29.16
2017-04-10;NTDOY;28.940001;29.030001;28.93;29.02
2017-04-11;NTDOY;29.040001;29.120001;28.959999;29.1
2017-04-12;NTDOY;29.059999;29.25;29.059999;29.139999
2017-04-13;NTDOY;28.9;29.15;28.879999;29.799999
2017-04-17;NTDOY;30.52;30.6;30.32;30.459999
2017-04-18;NTDOY;30.530001;30.65;30.530001;30.59
2017-04-19;NTDOY;31.110001;31.360001;31.1;31.35
2017-04-20;NTDOY;30.75;31.059999;30.74;30.91
2017-04-21;NTDOY;30.870001;30.969999;30.870001;30.92
2017-04-24;NTDOY;31.32;31.370001;31.07;31.1
2017-04-25;NTDOY;31.620001;31.65;31.469999;31.65
2017-04-26;NTDOY;31.049999;31.15;30.74;31.049999
2017-04-27;NTDOY;30.200001;30.280001;29.77;30.0
2017-04-28;NTDOY;31.43;31.690001;31.25;31.68
2017-05-01;NTDOY;31.690001;31.700001;31.610001;31.65
2017-05-02;NTDOY;31.59;31.639999;31.5;31.559999
2017-05-03;NTDOY;31.549999;31.6;31.5;31.59
2017-05-04;NTDOY;31.559999;31.68;31.549999;31.67
2017-05-05;NTDOY;31.67;32.240002;31.65;32.240002
2017-05-08;NTDOY;31.950001;32.060001;31.91;32.049999
2017-05-09;NTDOY;31.65;31.82;31.52;31.74
2017-05-10;NTDOY;32.389999;32.450001;32.220001;32.419998
2017-05-11;NTDOY;32.369999;32.419998;32.240002;32.389999
2017-05-12;NTDOY;32.439999;32.509998;32.32;32.380001
2017-05-15;NTDOY;32.830002;32.900002;32.689999;32.810001
2017-05-16;NTDOY;33.029999;33.139999;32.900002;33.029999
2017-05-17;NTDOY;33.82;33.900002;33.209999;33.439999
2017-05-18;NTDOY;34.0;34.07;33.740002;34.040001
2017-05-19;NTDOY;34.080002;34.189999;33.900002;34.150002
2017-05-22;NTDOY;34.23;34.360001;34.09;34.290001
2017-05-23;NTDOY;34.450001;34.849998;34.389999;34.790001
2017-05-24;NTDOY;35.330002;35.650002;35.330002;35.549999
2017-05-25;NTDOY;35.740002;36.080002;35.619999;35.950001
2017-05-26;NTDOY;37.599998;37.610001;37.299999;37.549999
2017-05-30;NTDOY;37.799999;38.389999;37.799999;38.18
2017-05-31;NTDOY;38.049999;38.09;37.75;37.830002
2017-06-01;NTDOY;37.330002;37.400002;36.919998;37.07
2017-06-02;NTDOY;37.459999;37.84;37.459999;37.84
2017-06-05;NTDOY;38.799999;39.099998;38.75;39.09
2017-06-06;NTDOY;39.48;40.360001;39.23;40.209999
2017-06-07;NTDOY;39.130001;39.220001;38.900002;38.91
2017-06-08;NTDOY;38.900002;39.099998;38.57;39.099998
2017-06-09;NTDOY;39.380001;39.740002;37.959999;38.43
2017-06-12;NTDOY;38.43;38.630001;38.040001;38.630001
2017-06-13;NTDOY;38.48;39.799999;38.41;39.25
2017-06-14;NTDOY;39.740002;39.799999;39.540001;39.630001
2017-06-15;NTDOY;40.889999;40.91;40.450001;40.549999
2017-06-16;NTDOY;40.59;40.689999;40.450001;40.490002
2017-06-19;NTDOY;41.540001;41.619999;41.380001;41.529999
2017-06-20;NTDOY;41.700001;41.91;41.619999;41.68
2017-06-21;NTDOY;41.639999;41.75;41.439999;41.610001
2017-06-22;NTDOY;41.900002;42.099998;41.900002;42.049999
2017-06-23;NTDOY;43.02;43.25;42.860001;43.209999
2017-06-26;NTDOY;43.709999;44.330002;43.709999;44.25
2017-06-27;NTDOY;43.950001;44.0;43.700001;43.84
2017-06-28;NTDOY;42.23;42.880001;42.07;42.669998
2017-06-29;NTDOY;42.869999;43.09;41.349998;41.959999
2017-06-30;NTDOY;41.959999;42.0;41.66;41.82
2017-07-03;NTDOY;40.880001;41.099998;40.619999;40.700001
2017-07-05;NTDOY;38.950001;39.130001;38.810001;39.130001
2017-07-06;NTDOY;38.32;38.5;38.130001;38.369999
2017-07-07;NTDOY;38.560001;39.200001;38.560001;39.049999
2017-07-10;NTDOY;39.869999;40.169998;39.799999;40.110001
2017-07-11;NTDOY;39.540001;39.57;39.25;39.450001
2017-07-12;NTDOY;39.689999;40.0;39.650002;39.990002
2017-07-13;NTDOY;39.91;40.009998;39.709999;39.869999
2017-07-14;NTDOY;39.799999;39.869999;39.599998;39.830002
2017-07-17;NTDOY;39.700001;39.880001;39.419998;39.419998
2017-07-18;NTDOY;40.795;41.0;40.6049995;40.679998499999996
2017-07-19;NTDOY;41.889999;42.119999;41.790001;41.939999
2017-07-20;NTDOY;41.7449985;41.914999;41.5249995;41.824999000000005
2017-07-21;NTDOY;41.599998;41.709999;41.259998;41.709999
2017-07-24;NTDOY;40.599998;40.900002;40.509998;40.830002
2017-07-25;NTDOY;39.619999;39.689999;39.32;39.380001
2017-07-26;NTDOY;41.240002;42.200001;41.009998;41.740002
2017-07-27;NTDOY;42.970001;43.07;42.259998;42.349998
2017-07-28;NTDOY;42.16;42.400002;41.950001;42.389999
2017-07-31;NTDOY;42.209999;42.470001;42.209999;42.459999
2017-08-01;NTDOY;42.049999;42.150002;42.0;42.07
2017-08-02;NTDOY;42.77;42.889999;42.16;42.360001
2017-08-03;NTDOY;42.349998;42.380001;42.18;42.380001
2017-08-04;NTDOY;42.349998;42.5;42.299999;42.450001
2017-08-07;NTDOY;42.900002;42.950001;42.799999;42.869999
2017-08-08;NTDOY;43.0;43.290001;42.91;42.93
2017-08-09;NTDOY;42.57;42.68;42.139999;42.259998
2017-08-10;NTDOY;41.669998;41.799999;40.610001;40.610001
2017-08-11;NTDOY;40.830002;41.150002;40.509998;41.099998
2017-08-14;NTDOY;41.200001;41.240002;40.950001;41.07
2017-08-15;NTDOY;41.299999;41.5;41.299999;41.419998
2017-08-16;NTDOY;41.5;41.669998;41.369999;41.630001
2017-08-17;NTDOY;41.599998;41.669998;41.200001;41.209999
2017-08-18;NTDOY;41.224998;41.3549995;41.0150015;41.0649985
2017-08-21;NTDOY;40.849998;41.040001;40.830002;40.919998
2017-08-22;NTDOY;41.18;41.43;41.18;41.419998
2017-08-23;NTDOY;41.099998;41.209999;41.049999;41.099998
2017-08-24;NTDOY;41.060001;41.209999;40.939999;41.099998
2017-08-25;NTDOY;41.099998;41.299999;41.0;41.6599995
2017-08-28;NTDOY;42.139999;42.23;41.880001;42.220001
2017-08-29;NTDOY;42.009998;42.009998;41.75;41.799999
2017-08-30;NTDOY;41.349998;41.549999;41.310001;41.400002
2017-08-31;NTDOY;41.389999;41.73;41.389999;41.630001
2017-09-01;NTDOY;41.869999;41.950001;41.700001;41.860001
2017-09-05;NTDOY;41.259998;41.259998;41.0;41.150002
2017-09-06;NTDOY;41.07;41.200001;41.0;41.099998
2017-09-07;NTDOY;40.549999;41.0;40.549999;40.900002
2017-09-08;NTDOY;41.580002;41.630001;41.529999;41.560001
2017-09-11;NTDOY;42.869999;42.869999;41.650002;42.240002
2017-09-12;NTDOY;42.990002;43.240002;42.959999;43.049999
2017-09-13;NTDOY;43.0;43.0;42.599998;42.599998
2017-09-14;NTDOY;42.48;43.240002;42.330002;43.040001
2017-09-15;NTDOY;43.790001;44.650002;43.509998;44.59
2017-09-18;NTDOY;44.349998;44.669998;43.950001;44.080002
2017-09-19;NTDOY;45.849998;46.790001;45.700001;46.75
2017-09-20;NTDOY;48.169998;48.650002;47.41;47.700001
2017-09-21;NTDOY;46.790001;46.790001;46.509998;46.599998
2017-09-22;NTDOY;45.98;46.0;45.5;45.764999
2017-09-25;NTDOY;45.639999;45.869999;44.91;44.93
2017-09-26;NTDOY;44.959999;45.279999;44.82;45.009998
2017-09-27;NTDOY;45.380001;45.599998;45.09;45.490002
2017-09-28;NTDOY;46.200001;46.200001;45.779999;46.009998
2017-09-29;NTDOY;46.150002;46.299999;45.860001;45.950001
2017-10-02;NTDOY;46.459999;46.5;46.07;46.150002
2017-10-03;NTDOY;46.25;46.599998;46.099998;46.48
2017-10-04;NTDOY;46.779999;46.779999;46.41;46.75
2017-10-05;NTDOY;47.549999;48.25;47.540001;48.049999
2017-10-06;NTDOY;48.450001;49.16;48.360001;48.669998
2017-10-09;NTDOY;48.779999;48.849998;48.400002;48.470001
2017-10-10;NTDOY;48.049999;48.43;48.049999;48.279999
2017-10-11;NTDOY;48.75;49.16;48.75;49.139999
2017-10-12;NTDOY;48.669998;48.830002;48.23;48.32
2017-10-13;NTDOY;49.07;49.599998;49.07;49.599998
2017-10-16;NTDOY;49.619999;49.709999;49.549999;49.68
2017-10-17;NTDOY;48.66;48.77;48.549999;48.68
2017-10-18;NTDOY;47.799999;47.799999;47.490002;47.529999
2017-10-19;NTDOY;47.919998;48.18;47.790001;48.029999
2017-10-20;NTDOY;48.18;48.439999;48.009998;48.299999
2017-10-23;NTDOY;48.34;48.529999;48.060001;48.5
2017-10-24;NTDOY;48.560001;48.799999;48.549999;48.709999
2017-10-25;NTDOY;48.0;48.099998;47.049999;47.5
2017-10-26;NTDOY;46.599998;46.799999;46.419998;46.77
2017-10-27;NTDOY;46.799999;47.700001;46.799999;47.66
2017-10-30;NTDOY;49.259998;51.740002;49.080002;50.880001
2017-10-31;NTDOY;48.700001;49.610001;48.599998;49.1900005
2017-11-01;NTDOY;48.02;48.02;47.419998;47.5
2017-11-02;NTDOY;47.34;47.34;46.900002;47.200001
2017-11-03;NTDOY;47.299999;47.34;46.950001;47.220001
2017-11-06;NTDOY;46.84;46.84;46.599998;46.790001
2017-11-07;NTDOY;47.099998;47.34;46.860001;46.91
2017-11-08;NTDOY;47.700001;47.939999;47.599998;47.939999
2017-11-09;NTDOY;47.139999;47.220001;46.549999;46.799999
2017-11-10;NTDOY;48.25;48.880001;48.049999;48.43
2017-11-13;NTDOY;48.41;48.77;48.220001;48.669998
2017-11-14;NTDOY;49.389999;49.799999;49.080002;49.400002
2017-11-15;NTDOY;47.669998;47.959999;47.549999;47.73
2017-11-16;NTDOY;49.689999;49.880001;49.529999;49.779999
2017-11-17;NTDOY;49.830002;49.880001;49.650002;49.650002
2017-11-20;NTDOY;49.91;50.18;49.810001;50.060001
2017-11-21;NTDOY;49.950001;50.0;49.709999;49.830002
2017-11-22;NTDOY;50.400002;50.560001;50.189999;50.549999
2017-11-24;NTDOY;51.905001;52.260000000000005;51.7999995;51.994999
2017-11-27;NTDOY;53.41;53.959999;53.41;53.439999
2017-11-28;NTDOY;52.770000499999995;53.295;52.08;52.1700005
2017-11-29;NTDOY;52.130001;52.630001;50.75;50.900002
2017-11-30;NTDOY;50.509998;51.23;50.509998;50.98
2017-12-01;NTDOY;50.259998;50.509998;49.880001;50.259998
2017-12-04;NTDOY;49.330002;49.52;48.099998;48.52
2017-12-05;NTDOY;48.6000005;49.045;47.9499985;48.4549995
2017-12-06;NTDOY;47.869999;48.57;47.799999;48.389999
2017-12-07;NTDOY;49.400002;50.029999;49.25;49.84
2017-12-08;NTDOY;48.279999;48.48;48.18;48.299999
2017-12-11;NTDOY;48.59;48.990002;48.59;48.98
2017-12-12;NTDOY;48.57;48.57;47.849998;48.029999
2017-12-13;NTDOY;48.299999;48.77;48.299999;48.73
2017-12-14;NTDOY;48.1499995;48.5249995;48.049999;48.494999
2017-12-15;NTDOY;48.0;48.279999;47.799999;48.259998
2017-12-18;NTDOY;48.130001;48.130001;47.799999;47.939999
2017-12-19;NTDOY;47.580002;47.580002;47.049999;47.060001
2017-12-20;NTDOY;46.68;46.790001;46.169998;46.34
2017-12-21;NTDOY;46.650002;46.66;46.349998;46.630001
2017-12-22;NTDOY;46.540001;46.869999;46.5;46.68
2017-12-26;NTDOY;45.639999;46.25;45.639999;45.779999
2017-12-27;NTDOY;46.16;46.810001;46.16;46.400002
2017-12-28;NTDOY;45.740002;45.740002;45.380001;45.400002
2017-12-29;NTDOY;45.5;45.700001;44.599998;45.07
2018-01-02;NTDOY;45.209999;45.950001;45.209999;45.900002
2018-01-03;NTDOY;45.849998;46.950001;45.849998;46.939999
2018-01-04;NTDOY;48.189999;48.549999;47.900002;48.540001
2018-01-05;NTDOY;47.200001;47.43;46.810001;47.43
2018-01-08;NTDOY;47.650002;47.650002;47.16;47.57
2018-01-09;NTDOY;48.325001;48.530001;48.030001;48.4699995
2018-01-10;NTDOY;49.0;49.41;48.900002;49.369999
2018-01-11;NTDOY;49.709999;49.740002;49.389999;49.709999
2018-01-12;NTDOY;50.18;50.5;49.59;50.400002
2018-01-16;NTDOY;51.099998;51.099998;49.799999;49.98
2018-01-17;NTDOY;50.900002;51.75;50.900002;51.529999
2018-01-18;NTDOY;52.389999;52.799999;52.349998;52.689999
2018-01-19;NTDOY;54.599998;54.75;54.330002;54.700001
2018-01-22;NTDOY;54.93;55.009998;54.400002;54.830002
2018-01-23;NTDOY;56.0;56.07;55.610001;55.900002
2018-01-24;NTDOY;55.259998;55.610001;54.389999;55.07
2018-01-25;NTDOY;55.0;55.259998;54.75;54.82
2018-01-26;NTDOY;55.290001;56.009998;55.040001;56.009998
2018-01-29;NTDOY;55.0;55.09;54.490002;54.73
2018-01-30;NTDOY;53.939999;54.0;53.029999;53.380001
2018-01-31;NTDOY;57.84;58.450001;56.849998;57.080002
2018-02-01;NTDOY;55.535;55.9850005;54.674999;54.800001
2018-02-02;NTDOY;53.23;53.52;52.5;52.52
2018-02-05;NTDOY;52.66;53.369999;51.490002;51.490002
2018-02-06;NTDOY;50.580002;52.540001;50.349998;52.450001
2018-02-07;NTDOY;52.349998;52.439999;51.580002;51.650002
2018-02-08;NTDOY;50.849998;50.849998;49.099998;50.945002
2018-02-09;NTDOY;49.799999;50.25;48.25;50.240002
2018-02-12;NTDOY;50.450001;51.549999;50.400002;51.25
2018-02-13;NTDOY;51.32;51.880001;51.110001;51.790001
2018-02-14;NTDOY;51.290001;52.82;51.040001;52.82
2018-02-15;NTDOY;54.0;54.200001;53.549999;54.049999
2018-02-16;NTDOY;54.130001;54.32;53.919998;54.150002
2018-02-20;NTDOY;54.310001;54.970001;54.189999;54.25
2018-02-21;NTDOY;55.59;55.799999;55.27;55.310001
2018-02-22;NTDOY;55.48;55.549999;54.790001;55.200001
2018-02-23;NTDOY;56.630001;56.950001;56.099998;56.91
2018-02-26;NTDOY;57.200001;57.400002;56.919998;56.8850005
2018-02-27;NTDOY;57.450001;57.709999;56.830002;56.860001
2018-02-28;NTDOY;57.220001;57.549999;56.900002;57.049999
2018-03-01;NTDOY;55.740002;56.459999;55.0;55.299999
2018-03-02;NTDOY;56.25;57.459999;56.200001;57.439999
2018-03-05;NTDOY;54.599998;55.529999;54.450001;55.48
2018-03-06;NTDOY;56.279999;56.52;56.049999;56.52
2018-03-07;NTDOY;55.02;55.470001;54.599998;55.450001
2018-03-08;NTDOY;57.0;57.040001;56.509998;56.849998
2018-03-09;NTDOY;56.650002;57.349998;56.580002;57.299999
2018-03-12;NTDOY;56.919998;57.23;56.470001;56.599998
2018-03-13;NTDOY;57.450001;57.450001;56.34;56.639999
2018-03-14;NTDOY;57.099998;57.099998;56.48;56.5
2018-03-15;NTDOY;57.439999;57.959999;57.400002;57.900002
2018-03-16;NTDOY;57.25;57.950001;57.25;57.709999
2018-03-19;NTDOY;56.549999;57.0;56.299999;56.400002
2018-03-20;NTDOY;56.32;57.16;56.32;57.049999
2018-03-21;NTDOY;57.16;57.32;56.889999;57.02
2018-03-22;NTDOY;57.779999;57.779999;56.459999;56.5
2018-03-23;NTDOY;56.610001;57.02;56.18;56.25
2018-03-26;NTDOY;56.279999;57.080002;56.029999;55.799999
2018-03-27;NTDOY;56.560001;56.919998;55.119999;55.349998
2018-03-28;NTDOY;54.75;55.18;54.209999;54.41
2018-03-29;NTDOY;54.900002;55.59;54.709999;55.509998
2018-04-02;NTDOY;55.98;55.98;54.75;55.110001
2018-04-03;NTDOY;54.459999;54.830002;54.220001;54.790001
2018-04-04;NTDOY;53.18;53.68;52.610001;53.630001
2018-04-05;NTDOY;53.169998;53.450001;53.0;53.029999
2018-04-06;NTDOY;52.740002;52.990002;51.299999;51.779999
2018-04-09;NTDOY;52.73;53.5;52.73;52.91
2018-04-10;NTDOY;52.75;52.830002;52.299999;52.73
2018-04-11;NTDOY;52.400002;52.52;52.040001;52.7549995
2018-04-12;NTDOY;52.59;52.860001;52.349998;52.779999
2018-04-13;NTDOY;52.669998;52.900002;52.290001;52.43
2018-04-16;NTDOY;52.48;52.48;51.650002;51.849998
2018-04-17;NTDOY;51.759998;52.02;51.509998;51.68
2018-04-18;NTDOY;51.68;51.900002;51.5;51.810001
2018-04-19;NTDOY;51.25;51.380001;50.77;51.200001
2018-04-20;NTDOY;53.400002;53.400002;52.720001;53.27
2018-04-23;NTDOY;53.619999;53.650002;53.049999;53.450001
2018-04-24;NTDOY;53.209999;53.25;51.68;52.02
2018-04-25;NTDOY;53.029999;53.240002;52.400002;52.849998
2018-04-26;NTDOY;51.279999;51.560001;50.700001;51.560001
2018-04-27;NTDOY;52.849998;53.0;52.32;52.43
2018-04-30;NTDOY;52.5;52.720001;52.380001;52.48
2018-05-01;NTDOY;52.5;53.0;52.259998;53.0
2018-05-02;NTDOY;52.119999;52.900002;52.009998;52.02
2018-05-03;NTDOY;52.150002;52.599998;52.02;52.57
2018-05-04;NTDOY;52.27;53.419998;52.27;53.41
2018-05-07;NTDOY;53.200001;53.639999;53.09;53.529999
2018-05-08;NTDOY;53.950001;54.48;53.650002;54.419998
2018-05-09;NTDOY;52.869999;53.25;52.599998;53.150002
2018-05-10;NTDOY;51.790001;52.419998;51.790001;52.150002
2018-05-11;NTDOY;52.599998;52.93;52.599998;52.650002
2018-05-14;NTDOY;52.549999;52.639999;52.220001;52.259998
2018-05-15;NTDOY;52.0;52.259998;51.919998;52.009998
2018-05-16;NTDOY;51.639999;52.259998;51.639999;52.18
2018-05-17;NTDOY;52.41;52.689999;52.32;52.5
2018-05-18;NTDOY;51.639999;51.639999;51.16;51.169998
2018-05-21;NTDOY;50.139999;50.27;49.889999;49.91
2018-05-22;NTDOY;49.98;50.099998;49.75;49.759998
2018-05-23;NTDOY;49.02;49.27;48.950001;49.200001
2018-05-24;NTDOY;48.400002;48.639999;47.599998;47.919998
2018-05-25;NTDOY;48.290001;48.529999;48.130001;48.240002
2018-05-29;NTDOY;48.150002;48.599998;48.150002;48.400002
2018-05-30;NTDOY;51.110001;51.630001;50.799999;51.34
2018-05-31;NTDOY;51.32;51.560001;51.0;51.040001
2018-06-01;NTDOY;49.43;50.360001;49.360001;50.049999
2018-06-04;NTDOY;46.880001;47.310001;46.84;47.049999
2018-06-05;NTDOY;46.709999;46.799999;46.560001;46.77
2018-06-06;NTDOY;45.029999;45.279999;44.900002;45.09
2018-06-07;NTDOY;46.06999999999999;46.41;46.0050015;46.30500000000001
2018-06-08;NTDOY;47.110001;47.540001;47.110001;47.52
2018-06-11;NTDOY;47.5;47.93;47.209999;47.630001
2018-06-12;NTDOY;47.549999;48.639999;47.029999;47.080002
2018-06-13;NTDOY;44.169998;44.43;44.049999;44.330002
2018-06-14;NTDOY;42.82;42.939999;42.419998;42.560001
2018-06-15;NTDOY;42.619999;43.040001;42.59;42.990002
2018-06-18;NTDOY;41.810001;41.849998;41.240002;41.650002
2018-06-19;NTDOY;40.560001;41.029999;40.560001;40.880001
2018-06-20;NTDOY;41.77;42.029999;41.529999;41.75
2018-06-21;NTDOY;41.509998;41.790001;41.25;41.259998
2018-06-22;NTDOY;41.990002;41.990002;41.389999;41.439999
2018-06-25;NTDOY;41.400002;41.400002;40.529999;40.709999
2018-06-26;NTDOY;40.799999;41.18;40.779999;40.98
2018-06-27;NTDOY;40.529999;40.560001;39.900002;39.93
2018-06-28;NTDOY;40.619999;41.049999;40.529999;41.02
2018-06-29;NTDOY;40.849998;41.139999;40.700001;40.790001
2018-07-02;NTDOY;40.220001;40.400002;40.029999;40.259998
2018-07-03;NTDOY;40.990002;41.150002;40.759998;40.759998
2018-07-05;NTDOY;39.400002;39.849998;39.189999;39.57
2018-07-06;NTDOY;39.299999;39.400002;39.060001;40.2549995
2018-07-09;NTDOY;40.529999;41.0;40.349998;40.939999
2018-07-10;NTDOY;39.990002;40.119999;39.689999;40.009998
2018-07-11;NTDOY;40.0;40.0;39.610001;39.689999
2018-07-12;NTDOY;39.709999;40.0;39.709999;39.98
2018-07-13;NTDOY;40.220001;40.610001;40.220001;40.330002
2018-07-16;NTDOY;41.5;42.080002;41.5;42.040001
2018-07-17;NTDOY;41.66;41.799999;41.52;41.799999
2018-07-18;NTDOY;40.650002;40.93;40.610001;40.779999
2018-07-19;NTDOY;41.049999;41.650002;40.849998;41.43
2018-07-20;NTDOY;41.529999;41.68;41.34;41.580002
2018-07-23;NTDOY;40.790001;41.049999;40.790001;40.900002
2018-07-24;NTDOY;41.48;41.82;41.48;41.599998
2018-07-25;NTDOY;41.75;42.200001;41.529999;42.150002
2018-07-26;NTDOY;42.220001;42.450001;42.150002;42.18
2018-07-27;NTDOY;42.630001;42.68;42.119999;42.299999
2018-07-30;NTDOY;42.099998;42.349998;40.48;41.200001
2018-07-31;NTDOY;42.5;42.950001;41.950001;42.669998
2018-08-01;NTDOY;43.380001;43.799999;43.380001;43.779999
2018-08-02;NTDOY;42.900002;43.150002;42.52;43.099998
2018-08-03;NTDOY;43.029999;43.259998;42.630001;43.259998
2018-08-06;NTDOY;41.310001;41.66;41.080002;42.625
2018-08-07;NTDOY;41.98;42.119999;41.900002;41.990002
2018-08-08;NTDOY;41.939999;41.959999;41.580002;41.580002
2018-08-09;NTDOY;42.009998;42.080002;41.889999;41.91
2018-08-10;NTDOY;41.07;41.07;40.799999;40.91
2018-08-13;NTDOY;40.259998;40.759998;40.259998;40.529999
2018-08-14;NTDOY;40.380001;40.580002;40.25;40.32
2018-08-15;NTDOY;39.279999;39.299999;38.810001;38.919998
2018-08-16;NTDOY;39.049999;39.200001;38.84;39.07
2018-08-17;NTDOY;40.3249985;40.510000500000004;40.17;40.3899995
2018-08-20;NTDOY;41.599998;41.82;41.5;41.709999
2018-08-21;NTDOY;43.860001;43.860001;41.779999;42.169998
2018-08-22;NTDOY;42.75;42.799999;42.5;42.700001
2018-08-23;NTDOY;42.349998;42.349998;41.93;42.080002
2018-08-24;NTDOY;42.610001;42.740002;42.349998;42.700001
2018-08-27;NTDOY;43.0149995;43.2300015;42.884997999999996;43.125
2018-08-28;NTDOY;43.419998;43.720001;43.419998;43.549999
2018-08-29;NTDOY;44.07;44.200001;43.959999;44.09
2018-08-30;NTDOY;44.459999;44.779999;44.330002;44.740002
2018-08-31;NTDOY;45.009998;45.25;44.889999;44.950001
2018-09-04;NTDOY;44.68;44.68;44.189999;44.32
2018-09-05;NTDOY;44.09;44.099998;43.18;43.389999
2018-09-06;NTDOY;43.099998;43.110001;42.689999;43.049999
2018-09-07;NTDOY;43.119999;43.720001;43.119999;43.48
2018-09-10;NTDOY;43.68;43.689999;43.48;43.549999
2018-09-11;NTDOY;43.759998;44.139999;43.68;44.02
2018-09-12;NTDOY;44.009998;44.540001;43.950001;44.509998
2018-09-13;NTDOY;43.3599985;43.710001;43.104999500000005;43.554998
2018-09-14;NTDOY;42.709999;42.880001;42.259998;42.599998
2018-09-17;NTDOY;42.700001;42.889999;42.580002;42.73
2018-09-18;NTDOY;43.52;44.360001;43.52;44.119999
2018-09-19;NTDOY;44.5;44.75;44.32;44.639999
2018-09-20;NTDOY;46.610001;46.849998;45.75;46.150002
2018-09-21;NTDOY;46.389999;46.419998;45.970001;46.209999
2018-09-24;NTDOY;46.389999;46.419998;45.77;45.830002
2018-09-25;NTDOY;46.299999;46.299999;45.990002;46.119999
2018-09-26;NTDOY;45.450001;46.0;45.450001;45.720001
2018-09-27;NTDOY;45.759998;45.759998;45.299999;45.549999
2018-09-28;NTDOY;45.549999;45.700001;45.400002;45.470001
2018-10-01;NTDOY;46.049999;46.48;46.049999;46.360001
2018-10-02;NTDOY;46.310001;46.5;46.099998;46.32
2018-10-03;NTDOY;45.75;45.75;45.43;45.260000500000004
2018-10-04;NTDOY;44.93;45.0;43.810001;44.200001
2018-10-05;NTDOY;45.169998;45.389999;44.830002;45.150002
2018-10-08;NTDOY;45.0;45.23;44.59;44.869999
2018-10-09;NTDOY;44.18;44.540001;44.0;44.400002
2018-10-10;NTDOY;44.0;44.259998;43.099998;43.150002
2018-10-11;NTDOY;42.610001;43.279999;42.43;42.790001
2018-10-12;NTDOY;43.759998;44.48;43.580002;44.099998
2018-10-15;NTDOY;43.959999;43.959999;43.450001;43.599998
2018-10-16;NTDOY;44.049999;44.580002;44.049999;44.560001
2018-10-17;NTDOY;44.299999;44.560001;43.82;44.099998
2018-10-18;NTDOY;44.0;44.290001;43.299999;43.43
2018-10-19;NTDOY;42.509998;42.509998;41.720001;41.75
2018-10-22;NTDOY;42.290001;42.290001;41.82;41.93
2018-10-23;NTDOY;41.349998;41.799999;41.080002;41.650002
2018-10-24;NTDOY;41.27;41.27;40.029999;40.080002
2018-10-25;NTDOY;39.810001;40.41;39.630001;40.18
2018-10-26;NTDOY;38.700001;39.119999;38.419998;38.880001
2018-10-29;NTDOY;39.099998;39.099998;37.549999;38.139999
2018-10-30;NTDOY;38.349998;38.5;36.759998;37.400002
2018-10-31;NTDOY;38.509998;39.439999;38.18;39.130001
2018-11-01;NTDOY;39.25;39.419998;38.82;39.389999
2018-11-02;NTDOY;39.669998;39.759998;38.900002;39.240002
2018-11-05;NTDOY;38.759998;38.98;38.59;38.709999
2018-11-06;NTDOY;38.720001;39.119999;38.720001;38.900002
2018-11-07;NTDOY;39.810001;40.369999;39.810001;40.310001
2018-11-08;NTDOY;40.919998;41.139999;40.740002;40.830002
2018-11-09;NTDOY;39.849998;40.18;39.700001;40.099998
2018-11-12;NTDOY;39.779999;39.779999;38.900002;38.91
2018-11-13;NTDOY;38.669998;39.119999;38.66;38.73
2018-11-14;NTDOY;38.4849985;38.9349995;38.3850005;38.625
2018-11-15;NTDOY;38.299999;38.75;38.110001;38.52
2018-11-16;NTDOY;35.150002;36.299999;34.959999;36.0
2018-11-19;NTDOY;34.700001;35.3500005;34.430000500000006;34.9750005
2018-11-20;NTDOY;34.25;34.400002;33.900002;33.950001
2018-11-21;NTDOY;34.509998;35.029999;34.110001;34.82
2018-11-23;NTDOY;34.950001;35.139999;34.599998;35.029999
2018-11-26;NTDOY;36.110001;36.349998;35.939999;36.189999
2018-11-27;NTDOY;36.209999;36.209999;35.810001;36.099998
2018-11-28;NTDOY;37.099998;37.5;37.0;37.5
2018-11-29;NTDOY;38.32;38.59;38.27;38.380001
2018-11-30;NTDOY;37.950001;37.950001;37.650002;37.869999
2018-12-03;NTDOY;38.5;38.5;38.099998;38.400002
2018-12-04;NTDOY;36.740002;36.740002;35.709999;35.720001
2018-12-06;NTDOY;35.299999;35.689999;34.68;35.599998
2018-12-07;NTDOY;36.380001;36.5;35.650002;35.889999
2018-12-10;NTDOY;36.189999;36.580002;35.830002;36.299999
2018-12-11;NTDOY;36.689999;36.689999;35.59;35.860001
2018-12-12;NTDOY;36.0;36.240002;35.889999;35.900002
2018-12-13;NTDOY;35.900002;36.169998;35.799999;35.970001
2018-12-14;NTDOY;35.049999;35.32;35.049999;35.130001
2018-12-17;NTDOY;34.869999;35.150002;34.57;34.73
2018-12-18;NTDOY;34.599998;34.700001;34.310001;34.490002
2018-12-19;NTDOY;33.470001;33.669998;32.599998;32.759998
2018-12-20;NTDOY;33.630001;34.07;33.490002;33.919998
2018-12-21;NTDOY;32.459999;32.84;31.91;31.91
2018-12-24;NTDOY;32.049999;32.220001;31.379999;31.530001
2018-12-26;NTDOY;32.02;32.779999;31.83;32.700001
2018-12-27;NTDOY;32.560001;32.900002;32.130001;32.900002
2018-12-28;NTDOY;33.150002;33.209999;32.810001;32.959999
2018-12-31;NTDOY;33.299999;33.299999;32.470001;33.244999
2019-01-02;NTDOY;32.73;33.580002;32.43;33.529999
2019-01-03;NTDOY;33.34;33.639999;33.040001;33.25
2019-01-04;NTDOY;32.610001;33.779999;32.509998;33.650002
2019-01-07;NTDOY;33.919998;34.669998;33.919998;34.195002
2019-01-08;NTDOY;34.939999;34.939999;34.490002;34.740002
2019-01-09;NTDOY;35.299999;35.560001;35.25;35.5
2019-01-10;NTDOY;34.57;34.990002;34.310001;34.889999
2019-01-11;NTDOY;34.849998;34.950001;34.630001;34.84
2019-01-14;NTDOY;34.880001;35.849998;34.880001;35.52
2019-01-15;NTDOY;36.209999;36.84;36.0;36.720001
2019-01-16;NTDOY;36.84;37.02;36.709999;36.720001
2019-01-17;NTDOY;37.93;38.360001;37.720001;38.099998
2019-01-18;NTDOY;38.900002;39.34;38.900002;39.25
2019-01-22;NTDOY;38.299999;38.610001;37.919998;38.02
2019-01-23;NTDOY;38.32;38.689999;38.029999;38.290001
2019-01-24;NTDOY;38.779999;38.810001;38.5;38.495001
2019-01-25;NTDOY;38.810001;38.810001;38.630001;38.700001
2019-01-28;NTDOY;37.32;37.450001;36.639999;37.0
2019-01-29;NTDOY;38.150002;38.360001;38.09;38.16
2019-01-30;NTDOY;38.0;38.75;38.0;38.700001
2019-01-31;NTDOY;37.59;37.599998;36.77;37.240002
2019-02-01;NTDOY;35.240002;35.669998;35.200001;35.419998
2019-02-04;NTDOY;36.549999;36.73;35.77;36.73
2019-02-05;NTDOY;35.779999;35.869999;35.59;35.84
2019-02-06;NTDOY;33.689999;33.880001;33.52;33.529999
2019-02-07;NTDOY;33.189999;33.279999;32.93;33.259998
2019-02-08;NTDOY;32.450001;32.970001;32.450001;32.880001
2019-02-11;NTDOY;32.98;32.98;32.02;32.610001
2019-02-12;NTDOY;33.099998;33.240002;33.080002;33.210001
2019-02-13;NTDOY;33.880001;33.900002;33.66;33.810001
2019-02-14;NTDOY;33.549999;33.84;33.259998;33.700001
2019-02-15;NTDOY;33.119999;33.669998;33.119999;33.66
2019-02-19;NTDOY;33.130001;33.41;33.040001;33.360001
2019-02-20;NTDOY;33.299999;33.619999;33.259998;33.349998
2019-02-21;NTDOY;33.689999;35.400002;33.5;34.939999
2019-02-22;NTDOY;34.830002;36.040001;34.650002;35.540001
2019-02-25;NTDOY;34.91;34.990002;34.360001;34.400002
2019-02-26;NTDOY;34.369999;34.799999;34.330002;34.77
2019-02-27;NTDOY;35.549999;35.84;35.259998;35.580002
2019-02-28;NTDOY;34.400002;34.5;34.09;34.25
2019-03-01;NTDOY;34.630001;34.75;34.330002;34.669998
2019-03-04;NTDOY;34.3050005;34.4400005;34.040001000000004;34.3599985
2019-03-05;NTDOY;33.98;34.130001;33.75;34.049999
2019-03-06;NTDOY;34.549999;34.790001;34.549999;34.650002
2019-03-07;NTDOY;34.169998;34.169998;33.720001;33.810001
2019-03-08;NTDOY;33.279999;33.43;33.060001;33.400002
2019-03-11;NTDOY;33.349998;33.810001;33.150002;33.779999
2019-03-12;NTDOY;34.349998;34.470001;34.099998;34.290001
2019-03-13;NTDOY;34.799999;34.919998;34.529999;34.869999
2019-03-14;NTDOY;33.919998;34.040001;33.900002;33.950001
2019-03-15;NTDOY;34.834998999999996;35.005001;34.8000015;34.92
2019-03-18;NTDOY;35.75;35.970001;35.700001;35.889999
2019-03-19;NTDOY;35.290001;35.369999;34.759998;35.119999
2019-03-20;NTDOY;34.029999;34.41;33.990002;34.099998
2019-03-21;NTDOY;34.080002;34.52;34.060001;34.43
2019-03-22;NTDOY;34.400002;34.59;34.009998;34.099998
2019-03-25;NTDOY;34.849998;35.169998;34.700001;34.93
2019-03-26;NTDOY;36.119999;36.349998;36.0;36.25
2019-03-27;NTDOY;35.990002;36.200001;35.779999;36.0
2019-03-28;NTDOY;36.099998;36.139999;35.84;36.139999
2019-03-29;NTDOY;35.799999;35.939999;35.610001;35.869999
2019-04-01;NTDOY;36.080002;36.139999;35.849998;36.119999
2019-04-02;NTDOY;36.09;36.16;35.810001;35.959999
2019-04-03;NTDOY;36.380001;36.740002;36.34;36.57
2019-04-04;NTDOY;36.490002;36.490002;36.220001;36.450001
2019-04-05;NTDOY;37.0;37.57;36.869999;37.369999
2019-04-08;NTDOY;36.650002;36.73;36.450001;36.689999
2019-04-09;NTDOY;36.950001;37.209999;36.950001;37.080002
2019-04-10;NTDOY;37.080002;37.099998;36.950001;37.029999
2019-04-11;NTDOY;36.73;37.0;36.66;36.75
2019-04-12;NTDOY;37.799999;38.029999;37.799999;37.950001
2019-04-15;NTDOY;38.169998;38.200001;37.950001;37.970001
2019-04-16;NTDOY;38.509998;38.689999;38.110001;38.279999
2019-04-17;NTDOY;38.849998;39.0;38.529999;38.720001
2019-04-18;NTDOY;42.400002;44.18;41.599998;40.83
2019-04-22;NTDOY;43.09;43.09;42.779999;42.939999
2019-04-23;NTDOY;41.509998;41.529999;41.130001;41.41
2019-04-24;NTDOY;42.419998;42.75;41.950001;42.200001
2019-04-25;NTDOY;41.060001;41.25;39.650002;40.25
2019-04-26;NTDOY;42.48;43.09;42.450001;41.8150005
2019-04-29;NTDOY;42.75;43.380001;42.75;43.380001
2019-04-30;NTDOY;42.82;43.209999;42.82;43.080002
2019-05-01;NTDOY;43.02;43.34;43.0;43.009998
2019-05-02;NTDOY;42.900002;43.060001;42.650002;42.939999
2019-05-03;NTDOY;42.939999;43.549999;42.889999;43.540001
2019-05-06;NTDOY;42.459999;43.380001;42.369999;43.360001
2019-05-07;NTDOY;41.990002;42.07;41.52;41.740002
2019-05-08;NTDOY;41.599998;42.919998;41.599998;42.459999
2019-05-09;NTDOY;41.860001;42.099998;41.360001;42.02
2019-05-10;NTDOY;41.75;42.75;41.599998;42.630001
2019-05-13;NTDOY;42.18;42.18;41.040001;41.34
2019-05-14;NTDOY;42.07;42.779999;42.07;42.639999
2019-05-15;NTDOY;42.389999;43.150002;42.369999;43.060001
2019-05-16;NTDOY;41.700001;42.709999;41.700001;42.400002
2019-05-17;NTDOY;42.529999;42.779999;42.27;42.400002
2019-05-20;NTDOY;42.77;43.169998;42.560001;42.77
2019-05-21;NTDOY;43.02;43.380001;43.02;43.189999
2019-05-22;NTDOY;42.98;43.34;42.970001;43.25
2019-05-23;NTDOY;43.299999;43.439999;43.139999;43.419998
2019-05-24;NTDOY;44.529999;44.650002;44.389999;44.610001
2019-05-28;NTDOY;44.400002;44.689999;44.139999;44.139999
2019-05-29;NTDOY;44.68;44.68;43.860001;44.150002
2019-05-30;NTDOY;43.799999;43.849998;43.59;43.779999
2019-05-31;NTDOY;44.93;44.93;44.0;44.139999
2019-06-03;NTDOY;44.460001;44.639999;43.754999;44.2350005
2019-06-04;NTDOY;43.990002;44.349998;43.509998;44.330002
2019-06-05;NTDOY;44.799999;44.799999;44.439999;44.700001
2019-06-06;NTDOY;44.700001;44.709999;44.349998;44.639999
2019-06-07;NTDOY;45.32;45.59;45.110001;45.014999
2019-06-10;NTDOY;45.650002;45.98;45.32;45.389999
2019-06-11;NTDOY;45.439999;45.450001;44.169998;44.290001
2019-06-12;NTDOY;43.599998;43.639999;43.02;43.099998
2019-06-13;NTDOY;43.060001;43.330002;42.810001;43.060001
2019-06-14;NTDOY;43.2049995;43.34;42.9800015;43.1200005
2019-06-17;NTDOY;43.349998;43.349998;43.150002;43.18
2019-06-18;NTDOY;43.75;44.200001;43.75;44.200001
2019-06-19;NTDOY;44.424999;44.67;44.200001;44.58
2019-06-20;NTDOY;45.099998;45.139999;44.650002;44.959999
2019-06-21;NTDOY;44.84;44.84;44.34;44.610001
2019-06-24;NTDOY;44.52;44.599998;44.27;44.509998
2019-06-25;NTDOY;44.509998;44.599998;44.049999;44.080002
2019-06-26;NTDOY;44.529999;44.639999;43.639999;44.0
2019-06-27;NTDOY;45.150002;45.5;45.080002;45.459999
2019-06-28;NTDOY;45.639999;45.82;45.57;45.77
2019-07-01;NTDOY;46.5;46.650002;46.169998;46.290001
2019-07-02;NTDOY;46.27;46.360001;46.119999;46.23
2019-07-03;NTDOY;46.799999;47.119999;46.709999;47.119999
2019-07-05;NTDOY;46.52;47.0;46.450001;46.77
2019-07-08;NTDOY;46.75;47.060001;46.560001;46.639999
2019-07-09;NTDOY;46.169998;46.450001;46.169998;46.41
2019-07-10;NTDOY;47.040001;48.400002;47.02;48.0
2019-07-11;NTDOY;48.299999;48.68;47.5;48.310001
2019-07-12;NTDOY;48.32;48.380001;48.16;48.23
2019-07-15;NTDOY;48.259998;48.41;48.060001;48.110001
2019-07-16;NTDOY;48.0;48.110001;47.52;47.650002
2019-07-17;NTDOY;47.77;47.77;47.459999;47.459999
2019-07-18;NTDOY;47.259998;47.98;47.259998;47.98
2019-07-19;NTDOY;47.84;47.84;47.509998;47.540001
2019-07-22;NTDOY;47.045;47.08;46.779998500000005;46.880001
2019-07-23;NTDOY;46.25;46.32;46.049999;46.220001
2019-07-24;NTDOY;46.200001;46.240002;45.889999;46.099998
2019-07-25;NTDOY;46.169998;46.599998;45.740002;45.82
2019-07-26;NTDOY;46.639999;46.639999;46.060001;46.220001
2019-07-29;NTDOY;46.529999;46.529999;46.110001;46.529999
2019-07-30;NTDOY;44.98;46.150002;44.869999;45.799999
2019-07-31;NTDOY;46.349998;46.849998;46.150002;46.189999
2019-08-01;NTDOY;47.380001;48.43;47.299999;47.360001
2019-08-02;NTDOY;47.099998;47.290001;46.259998;46.529999
2019-08-05;NTDOY;45.77;46.169998;45.119999;45.200001
2019-08-06;NTDOY;45.975;46.364999499999996;45.3449995;45.875
2019-08-07;NTDOY;46.18;46.560001;45.57;46.549999
2019-08-08;NTDOY;46.380001;47.080002;46.25;46.4750005
2019-08-09;NTDOY;46.75;46.799999;46.279999;46.400002
2019-08-12;NTDOY;46.68;46.68;45.889999;46.02
2019-08-13;NTDOY;45.150002;46.200001;45.150002;46.060001
2019-08-14;NTDOY;46.299999;46.59;46.0;46.080002
2019-08-15;NTDOY;46.830002;47.0;46.52;46.700001
2019-08-16;NTDOY;46.630001;47.09;46.5;46.9250015
2019-08-19;NTDOY;46.919998;47.349998;46.919998;47.150002
2019-08-20;NTDOY;46.830002;47.0;46.650002;47.320002
2019-08-21;NTDOY;47.18;47.619999;47.18;47.490002
2019-08-22;NTDOY;47.43;47.43;46.73;46.950001
2019-08-23;NTDOY;47.84;47.93;47.049999;47.099998
2019-08-26;NTDOY;47.200001;47.5;47.169998;47.459999
2019-08-27;NTDOY;47.48;47.810001;47.470001;47.75
2019-08-28;NTDOY;47.610001;47.77;47.360001;47.630001
2019-08-29;NTDOY;47.419998;47.779999;47.419998;47.709999
2019-08-30;NTDOY;47.150002;47.52;47.110001;47.25
2019-09-03;NTDOY;47.830002;47.830002;47.5;47.810001
2019-09-04;NTDOY;48.77;48.799999;48.200001;48.529999
2019-09-05;NTDOY;48.200001;48.209999;48.0;48.099998
2019-09-06;NTDOY;48.52;48.52;48.290001;48.41
2019-09-09;NTDOY;49.080002;49.209999;48.849998;49.07
2019-09-10;NTDOY;48.880001;48.880001;48.23;48.419998
2019-09-11;NTDOY;47.84;48.060001;47.549999;47.889999
2019-09-12;NTDOY;47.98;48.27;47.939999;48.0
2019-09-13;NTDOY;48.02;48.150002;47.919998;48.119999
2019-09-16;NTDOY;48.040001;48.27;47.810001;47.900002
2019-09-17;NTDOY;48.58;48.6949995;48.265001;48.5050015
2019-09-18;NTDOY;49.119999;49.119999;48.720001;49.110001
2019-09-19;NTDOY;49.299999;49.439999;49.200001;49.240002
2019-09-20;NTDOY;49.380001;49.900002;49.150002;49.259998
2019-09-23;NTDOY;49.200001;49.450001;49.07;49.400002
2019-09-24;NTDOY;48.91;49.200001;47.310001;47.599998
2019-09-25;NTDOY;47.259998;47.990002;47.259998;47.4399985
2019-09-26;NTDOY;47.450001;47.450001;46.869999;47.279999
2019-09-27;NTDOY;47.119999;47.119999;46.599998;46.599998
2019-09-30;NTDOY;46.470001;46.700001;46.200001;46.599998
2019-10-01;NTDOY;47.330002;47.34;46.619999;46.77
2019-10-02;NTDOY;47.509998;47.639999;46.799999;47.049999
2019-10-03;NTDOY;47.049999;47.450001;46.98;47.43
2019-10-04;NTDOY;47.740002;48.029999;47.610001;48.029999
2019-10-07;NTDOY;47.5100005;47.66;47.145000499999995;47.3549995
2019-10-08;NTDOY;47.279999;47.290001;46.68;46.68
2019-10-09;NTDOY;47.720001;47.849998;47.68;47.720001
2019-10-10;NTDOY;46.549999;46.939999;46.549999;46.75
2019-10-11;NTDOY;46.02;46.25;46.02;46.220001
2019-10-14;NTDOY;46.200001;46.68;46.150002;46.169998
2019-10-15;NTDOY;46.279999;46.470001;46.200001;46.259998
2019-10-16;NTDOY;46.23;46.299999;45.880001;45.93
2019-10-17;NTDOY;45.099998;45.099998;44.700001;44.810001
2019-10-18;NTDOY;44.720001;44.720001;44.290001;44.439999
2019-10-21;NTDOY;44.439999;44.509998;44.110001;44.110001
2019-10-22;NTDOY;44.130001;44.380001;44.099998;44.27
2019-10-23;NTDOY;44.099998;44.16;43.889999;44.150002
2019-10-24;NTDOY;43.48;43.900002;43.41;43.580002
2019-10-25;NTDOY;42.27;42.330002;42.060001;42.290001
2019-10-28;NTDOY;42.68;42.68;42.52;42.549999
2019-10-29;NTDOY;43.029999;43.549999;42.939999;42.990002
2019-10-30;NTDOY;44.099998;44.330002;43.880001;44.060001
2019-10-31;NTDOY;46.299999;46.740002;45.52;46.52
