Date;Intel;Sony;Nintendo;Microsoft
2012-01-03;24.540001;18.379999;17.51;26.77
2012-01-04;24.970000499999998;18.219999;17.879999;27.4
2012-01-05;25.4;17.700001;17.49;27.68
2012-01-06;25.25;17.440001;17.299999;28.110001
2012-01-09;25.469999;17.469999;17.41;27.74
2012-01-10;25.59;17.700001;17.24;27.84
2012-01-11;25.799999;17.690001;17.200001;27.719999
2012-01-12;25.75;17.26;17.18;28.0
2012-01-13;25.139999;17.129999;16.76;28.25
2012-01-17;25.040001;16.77;16.959999;28.26
2012-01-18;25.335;17.120001;16.59;28.23
2012-01-19;25.629999;17.25;16.799999;28.120001
2012-01-20;26.379999;17.8900005;17.469999;29.709999
2012-01-23;26.709999;18.530001;17.27;29.73
2012-01-24;26.9;17.950001;17.4;29.34
2012-01-25;26.9;18.66;17.540001;29.559999
2012-01-26;26.75;18.51;16.379999;29.5
2012-01-27;26.73;18.42;16.77;29.23
2012-01-30;26.74;18.110001;16.629999;29.610001
2012-01-31;26.42;18.219999;16.940001;29.530001
2012-02-01;26.549999;18.190001;16.9;29.889999
2012-02-02;26.49;17.09;17.059999;29.950001
2012-02-03;26.74;19.209999;17.005000000000003;30.24
2012-02-06;26.719999;19.440001;16.950001;30.200001
2012-02-07;26.639999;19.68;17.24;30.35
2012-02-08;26.85;19.889999;17.4;30.66
2012-02-09;26.860001;19.91;17.639999;30.77
2012-02-10;26.700001;19.530001;17.26;30.5
2012-02-13;26.700001;19.48;17.32;30.58
2012-02-14;26.780001;19.129999;17.18;30.3149995
2012-02-15;26.58;19.99;17.84;30.049999
2012-02-16;26.83;20.5;18.200001;31.290001
2012-02-17;26.994999999999997;20.6;18.370001;31.25
2012-02-21;27.16;20.66;17.969999;31.440001
2012-02-22;26.73;20.879999;18.389999;31.27
2012-02-23;26.66;21.190001;19.219999;31.370001
2012-02-24;26.700001;21.73;19.41;31.48
2012-02-27;26.889999;21.690001;19.559999;31.35
2012-02-28;27.24;22.26;19.16;31.870001
2012-02-29;26.879999;21.389999;18.915;31.74
2012-03-01;26.860001;21.57;18.67;32.290001
2012-03-02;26.92;21.370001;18.07;32.080002
2012-03-05;26.540001;20.73;17.59;31.8200005
2012-03-06;26.610001;20.360001;17.139999;31.559999
2012-03-07;26.91;20.42;17.399999333333334;31.84
2012-03-08;26.84;20.42;17.659999666666668;32.009998
2012-03-09;27.07;21.26;17.92;31.99
2012-03-12;26.99;20.85;17.51;32.040001
2012-03-13;27.49;21.139999;17.549999;32.669998
2012-03-14;27.459999;21.59;18.07;32.77
2012-03-15;27.75;21.75;18.67;32.849998
2012-03-16;27.73;21.809999;18.809999;32.599998
2012-03-19;27.74;21.65;18.67;32.200001
2012-03-20;27.75;21.379999;18.6899995;31.99
2012-03-21;27.780001;20.719999;18.709999;31.91
2012-03-22;27.9;20.549999;19.370001;31.959999000000003
2012-03-23;27.879999;20.32;19.1;32.009998
2012-03-26;28.190001;20.6;18.889999;32.59
2012-03-27;28.190001;20.77;18.73;32.52
2012-03-28;27.799999;21.129999;19.049999;32.189999
2012-03-29;28.16;20.93;19.049999;32.119999
2012-03-30;28.120001;20.77;18.959999;32.259998
2012-04-02;28.115001;20.809999;19.07;32.290001
2012-04-03;28.110001;20.5;18.49;31.940001
2012-04-04;27.93;19.719999;18.280001;31.209999
2012-04-05;28.07;20.01;18.639999;31.52
2012-04-09;27.76;20.1;18.389999;31.1
2012-04-10;27.450001;18.24;18.26;30.469999
2012-04-11;27.85;18.75;18.35;30.35
2012-04-12;28.48;18.73;18.389999;30.98
2012-04-13;28.09;17.360001;17.610001;30.809999
2012-04-16;28.41;17.51;17.360001;31.08
2012-04-17;28.469999;17.5;17.5;31.440001
2012-04-18;27.950001;16.889999;17.09;31.139999
2012-04-19;27.690001;16.8599995;17.200001;31.01
2012-04-20;27.6;16.83;17.193334;32.419998
2012-04-23;27.450001;16.51;17.186667;32.119999
2012-04-24;27.706667;16.620001;17.18;31.92
2012-04-25;27.963333000000002;16.42;17.219999;32.200001
2012-04-26;28.219999;16.5;17.09;32.110001
2012-04-27;28.379999;16.32;16.904999500000002;31.98
2012-04-30;28.4;16.209999;16.719999;32.02
2012-05-01;28.950001;15.9699995;16.17;32.009998
2012-05-02;29.18;15.73;16.09;31.799999
2012-05-03;28.559999;15.52;15.91;31.76
2012-05-04;28.1599995;15.32;15.92;30.98
2012-05-07;27.76;15.31;15.85;30.65
2012-05-08;27.370001;15.02;15.48;30.5
2012-05-09;27.190001;15.23;15.72;30.76
2012-05-10;27.24;14.705;16.139999;30.74
2012-05-11;27.629999;14.18;15.1;31.16
2012-05-14;27.02;14.2;15.05;30.68
2012-05-15;26.879999;13.91;14.61;30.209999
2012-05-16;26.5;13.76;14.52;29.9
2012-05-17;26.190001;14.24;14.58;29.719999
2012-05-18;26.07;13.77;14.64;29.27
2012-05-21;26.15;14.13;14.48;29.75
2012-05-22;26.030001;14.0;14.5;29.76
2012-05-23;25.440001;13.83;14.25;29.110001
2012-05-24;25.65;13.76;14.05;29.07
2012-05-25;25.74;13.3;13.75;29.059999
2012-05-29;26.09;13.55;14.37;29.559999
2012-05-30;26.129999;13.03;14.0;29.34
2012-05-31;25.84;13.24;14.32;29.190001
2012-06-01;25.139999;12.65;14.14;28.450001
2012-06-04;25.040001;12.79;14.39;28.549999
2012-06-05;25.43;13.2;14.87;28.51
2012-06-06;26.07;13.59;14.52;29.35
2012-06-07;25.940001;13.31;13.98;29.23
2012-06-08;26.41;12.85;13.75;29.65
2012-06-11;25.99;12.76;13.44;28.9
2012-06-12;26.2650005;13.07;13.76;29.290001
2012-06-13;26.540001;12.76;14.06;29.129999
2012-06-14;26.98;12.98;14.09;29.34
2012-06-15;27.200000000000003;13.18;14.15;30.02
2012-06-18;27.42;13.43;14.28;29.84
2012-06-19;27.51;13.56;14.54;30.700001
2012-06-20;27.639999;13.97;14.53;30.93
2012-06-21;26.709999;13.55;14.49;30.139999
2012-06-22;26.379998999999998;14.31;14.75;30.700001
2012-06-25;26.049999;13.96;14.33;29.870001
2012-06-26;26.01;13.84;14.28;30.020000500000002
2012-06-27;26.219999;13.81;14.41;30.17
2012-06-28;25.83;13.72;14.41;29.91
2012-06-29;26.65;14.24;14.52;30.2349995
2012-07-02;26.67;14.2;14.54;30.559999
2012-07-03;26.6099995;14.27;14.83;30.76
2012-07-05;26.549999;13.78;14.94;30.700001
2012-07-06;26.16;13.64;14.82;30.190001
2012-07-09;26.17;13.45;14.62;30.0
2012-07-10;25.559999;13.1;14.44;29.74
2012-07-11;25.1499995;12.87;14.55;29.1849995
2012-07-12;24.74;12.5;14.29;28.629999
2012-07-13;25.25;12.66;14.17;29.389999
2012-07-16;25.129999;12.6;14.12;29.440001
2012-07-17;25.379999;12.3;14.06;29.66
2012-07-18;26.209999;12.34;13.95;30.450001
2012-07-19;26.059999;12.57;13.83;30.67
2012-07-20;25.52;12.08;13.53;30.120001
2012-07-23;25.26;11.7;13.38;29.280001
2012-07-24;25.1949995;11.65;13.08;29.15
2012-07-25;25.129999;11.26;13.2;28.83
2012-07-26;25.5;11.9;13.64;29.099999666666665
2012-07-27;26.02;12.35;14.16;29.369999333333332
2012-07-30;25.76;12.02;13.81;29.639999
2012-07-31;25.700001;12.15;13.8;29.469999
2012-08-01;25.93;12.14;13.49;29.41
2012-08-02;25.91;11.89;13.48;29.190001
2012-08-03;26.23;11.64;13.36;29.570000999999998
2012-08-06;26.309999;11.51;13.28;29.950001
2012-08-07;26.5;11.67;13.27;30.26
2012-08-08;26.6;11.71;13.22;30.33
2012-08-09;26.700001;11.98;13.52;30.5
2012-08-10;26.879999;12.34;13.63;30.42
2012-08-13;26.690001;12.025;13.72;30.389999
2012-08-14;26.48;11.71;13.26;30.129999
2012-08-15;26.27;11.39;13.24;30.200001
2012-08-16;26.59;11.84;13.74;30.780001
2012-08-17;26.33;11.95;13.75;30.9
2012-08-20;26.23;12.0;13.72;30.74
2012-08-21;26.110001;11.95;13.9;30.799999
2012-08-22;25.73;11.79;13.88;30.540001
2012-08-23;25.040001;11.61;14.09;30.26
2012-08-24;24.91;11.71;14.11;30.559999
2012-08-27;24.84;11.64;14.18;30.690001
2012-08-28;25.0;11.49;14.17;30.629999
2012-08-29;24.67;11.73;14.3;30.474999500000003
2012-08-30;24.27;11.43;14.06;30.32
2012-08-31;24.345;11.31;13.93;30.354999499999998
2012-09-04;24.42;11.190000000000001;13.89;30.389999
2012-09-05;24.389999;11.07;13.75;30.389999
2012-09-06;25.1;11.22;13.99;31.35
2012-09-07;24.190001;11.64;13.81;30.950001
2012-09-10;23.26;11.75;13.91;30.719999
2012-09-11;23.34;11.93;14.0;30.790001
2012-09-12;23.190001;12.215;14.4;30.780001
2012-09-13;23.360001;12.5;15.01;30.940001
2012-09-14;23.370001;13.05;15.175;31.209999
2012-09-17;23.309999;13.11;15.34;31.209999
2012-09-18;23.370001;13.21;16.129999;31.18
2012-09-19;23.15;13.29;16.01;31.049999
2012-09-20;23.18;12.87;15.7;31.450001
2012-09-21;23.129999;12.7;15.58;31.190001
2012-09-24;22.799999;12.36;15.59;30.780001
2012-09-25;22.540001;12.05;16.110001;30.389999
2012-09-26;22.65;11.85;15.97;30.17
2012-09-27;23.09;12.12;16.07;30.16
2012-09-28;22.66;11.7;15.87;29.76
2012-10-01;22.75;11.84;16.17;29.49
2012-10-02;22.84;11.85;16.700001;29.66
2012-10-03;22.549999;11.89;17.43;29.860001
2012-10-04;22.469999;11.74;17.59;30.030001
2012-10-05;22.68;12.0;17.629999;29.85
2012-10-08;22.29;11.91;17.5;29.780001
2012-10-09;21.9;11.51;16.559999;29.280001
2012-10-10;21.76;11.37;16.190001;28.98
2012-10-11;21.62;11.476666666666667;16.35;28.950001
2012-10-12;21.48;11.583333333333332;16.360001;29.200001
2012-10-15;21.73;11.69;16.639999;29.51
2012-10-16;22.35;11.96;16.99;29.49
2012-10-17;21.790001;12.23;16.700001;29.59
2012-10-18;21.67;12.35;16.66;29.5
2012-10-19;21.27;12.35;16.040001;28.639999
2012-10-22;21.459999;12.35;16.32;28.0
2012-10-23;21.59;12.09;16.139999;28.049999
2012-10-24;21.459999;12.02;15.46;27.9
2012-10-25;21.690001;11.9;16.42;27.879999
2012-10-26;21.950001;11.85;16.08;28.209999
2012-10-31;22.105000500000003;11.74;16.15;28.540001
2012-11-01;22.26;11.82;16.15;29.52
2012-11-02;22.059999;11.33;15.74;29.5
2012-11-05;21.84;11.25;15.63;29.629999
2012-11-06;21.73;11.18;15.605;29.860001
2012-11-07;20.91;11.04;15.58;29.08
2012-11-08;20.83;10.9;15.61;28.809999
2012-11-09;20.799999;10.86;15.28;28.83
2012-11-12;20.77;10.65;14.95;28.219999
2012-11-13;20.280001;10.77;15.5;27.09
2012-11-14;19.959999;9.82;15.84;26.84
2012-11-15;20.030001;9.81;16.059999;26.66
2012-11-16;20.190001;10.12;16.34;26.52
2012-11-19;20.25;10.19;16.51;26.73
2012-11-20;19.51;9.99;15.66;26.709999
2012-11-21;19.360001;10.08;15.58;26.950001
2012-11-23;19.719999;10.02;15.8;27.700001
2012-11-26;19.889999;9.9;15.67;27.3900005
2012-11-27;19.93;9.74;15.25;27.08
2012-11-28;20.09;9.79;15.24;27.360001
2012-11-29;19.530001;9.9;15.45;26.950001
2012-11-30;19.57;9.74;15.1;26.6900005
2012-12-03;19.540001;9.69;14.65;26.43
2012-12-04;19.969999;9.63;14.9;26.370001
2012-12-05;19.85;9.7;14.76;26.67
2012-12-06;20.16;10.01;14.72;26.73
2012-12-07;20.16;10.12;14.65;26.459999
2012-12-10;20.08;9.98;13.99;26.940001
2012-12-11;20.65;9.89;13.35;27.32
2012-12-12;20.67;10.23;13.43;27.24
2012-12-13;20.49;10.73;13.51;27.110001
2012-12-14;20.530001;10.96;13.03;27.105000500000003
2012-12-17;20.57;11.0;13.18;27.1
2012-12-18;20.959999;11.12;13.32;27.559999
2012-12-19;21.1;10.97;13.2;27.309999
2012-12-20;21.030001;11.13;13.06;27.68
2012-12-21;20.77;10.93;12.73;27.450001
2012-12-24;20.639999;10.91;12.8;27.059999
2012-12-26;20.65;11.11;12.61;26.860001
2012-12-27;20.51;11.04;12.7;26.959999
2012-12-28;20.23;11.12;13.2;26.549999
2012-12-31;20.620001;11.2;13.31;26.709999
2013-01-02;21.379999;11.51;13.54;27.620001
2013-01-03;21.32;11.49;13.51;27.1800005
2013-01-04;21.16;11.23;13.11;26.74
2013-01-07;21.25;10.97;12.76;26.690001
2013-01-08;21.09;10.72;12.39;26.549999
2013-01-09;21.450001;10.74;12.13;26.700001
2013-01-10;21.799999;11.05;12.415;26.459999
2013-01-11;22.0;11.165;12.7;26.83
2013-01-14;22.0;11.28;12.81;26.889999
2013-01-15;21.879999;11.23;12.84;27.209999
2013-01-16;22.110001;11.2;12.92;27.040001
2013-01-17;22.68;11.91;13.48;27.25
2013-01-18;21.25;12.7;13.14;27.25
2013-01-22;21.17;13.35;12.72;27.15
2013-01-23;21.110001;13.25;12.97;27.610001
2013-01-24;20.950001;13.52;12.82;27.629999
2013-01-25;20.959999;14.41;12.88;27.879999
2013-01-28;21.049999;15.12;13.04;27.91
2013-01-29;21.280001;15.14;13.2;28.01
2013-01-30;21.370001;14.99;12.22;27.85
2013-01-31;21.040001;14.94;12.16;27.450001
2013-02-01;21.360001;15.13;12.04;27.93
2013-02-04;21.16;15.48;11.82;27.440001
2013-02-05;21.18;15.83;11.78;27.3900005
2013-02-06;20.99;15.82;11.73;27.34
2013-02-07;20.809999;15.13;11.87;27.280001
2013-02-08;20.92;14.92;11.69;27.549999
2013-02-11;21.030001;14.99;11.7;27.860001
2013-02-12;21.190001;14.68;11.58;27.879999
2013-02-13;21.25;14.21;11.65;28.030001
2013-02-14;21.23;14.23;11.53;28.040001
2013-02-15;21.16;14.34;11.39;28.01
2013-02-19;21.09;14.65;11.6;28.049999
2013-02-20;20.73;14.47;11.56;27.870001
2013-02-21;20.25;14.08;11.77;27.49
2013-02-22;20.42;14.07;12.03;27.76
2013-02-25;20.23;13.79;12.0;27.370001
2013-02-26;20.58;14.04;12.25;27.370001
2013-02-27;20.93;14.34;12.2;27.809999
2013-02-28;20.879999;14.58;12.06;27.799999
2013-03-01;21.030001;15.23;12.13;27.950001
2013-03-04;21.270000500000002;15.57;12.33;28.15
2013-03-05;21.51;15.51;12.42;28.35
2013-03-06;21.75;15.84;12.23;28.09
2013-03-07;21.889999;15.56;12.71;28.139999
2013-03-08;21.58;15.59;13.63;28.0
2013-03-11;21.690001;15.96;13.99;27.870001
2013-03-12;21.639999;15.55;13.61;27.91
2013-03-13;21.66;15.73;14.07;27.92
2013-03-14;21.5199995;16.030001;13.69;28.139999
2013-03-15;21.379999;17.26;13.8;28.040001
2013-03-18;21.259999;16.809999;13.91;28.1
2013-03-19;21.139999;17.259999;13.77;28.18
2013-03-20;21.18;17.709999;13.85;28.32
2013-03-21;21.040001;17.6949995;13.7;28.110001
2013-03-22;21.095000499999998;17.68;13.73;28.25
2013-03-25;21.15;17.77;13.54;28.16
2013-03-26;21.77;17.49;13.5;28.16
2013-03-27;21.83;17.639999;13.66;28.370001
2013-03-28;21.84;17.4;13.44;28.490001
2013-04-01;21.43;16.6;13.14;28.610001
2013-04-02;21.459999;17.0;13.18;28.799999
2013-04-03;21.049999;16.43;13.14;28.559999
2013-04-04;21.139999;17.0;13.45;28.6
2013-04-05;20.940001;16.690001;13.37;28.700001
2013-04-08;21.09;17.02;13.65;29.155001
2013-04-09;21.75;16.790001;13.59;29.610001
2013-04-10;21.79;16.93;14.97;30.280001
2013-04-11;21.83;16.9;14.67;28.940001
2013-04-12;21.68;16.67;14.31;28.790001
2013-04-15;21.8;16.48;14.47;28.690001
2013-04-16;21.92;16.445;14.62;28.969999
2013-04-17;21.93;16.41;14.3;28.83
2013-04-18;22.24;16.18;14.46;28.790001
2013-04-19;22.440001;16.65;14.61;29.77
2013-04-22;22.91;16.52;14.66;30.185000000000002
2013-04-23;23.379999;16.67;14.5;30.6
2013-04-24;23.66;16.49;14.66;31.76
2013-04-25;23.379999;17.200001;14.24;31.940001
2013-04-26;23.4;16.48;13.835;31.790001
2013-04-29;23.76;16.559999;13.43;32.610001
2013-04-30;23.950001;16.43;13.75;33.099998
2013-05-01;23.99;16.610000499999998;13.35;32.720001
2013-05-02;24.110001;16.790001;13.64;33.16
2013-05-03;23.959999;17.16;13.73;33.455
2013-05-06;24.0549995;17.129999;13.71;33.75
2013-05-07;24.15;17.700001;13.68;33.310001
2013-05-08;24.25;17.940001;13.82;32.990002
2013-05-09;24.360001;18.08;13.76;32.66
2013-05-10;24.5;17.92;13.42;32.689999
2013-05-13;24.08;18.889999;13.43;33.029999
2013-05-14;23.84;19.67;13.5;33.529999
2013-05-15;24.200001;20.450001;14.34;33.849998
2013-05-16;23.940001;20.1;13.87;34.080002
2013-05-17;24.040001;20.5349995;13.77;34.869999
2013-05-20;24.08;20.969999;13.64;35.080002
2013-05-21;24.075;22.91;13.99;34.849998
2013-05-22;24.07;22.15;13.49;34.610001
2013-05-23;24.049999;21.629999;13.25;34.150002
2013-05-24;23.92;20.959999;13.04;34.27
2013-05-28;24.08;20.67;12.62;35.02
2013-05-29;24.27;20.1;12.47;34.880001
2013-05-30;24.209999;20.84;12.57;35.029999
2013-05-31;24.280001;20.15;12.47;34.900002
2013-06-03;25.24;19.540001;12.39;34.945002
2013-06-04;25.360001;19.82;12.22;34.990002
2013-06-05;24.700001;19.0;12.05;34.779999
2013-06-06;24.65;18.959999;11.84;34.959999
2013-06-07;24.59;19.559999;12.26;35.669998
2013-06-10;25.01;20.110001;12.58;35.470001
2013-06-11;24.709999;20.299999;12.27;34.84
2013-06-12;24.459999;20.280001;12.11;35.0
2013-06-13;24.99;21.030001;12.65;34.720001
2013-06-14;24.92;19.879999;12.47;34.400002
2013-06-17;25.1;20.639999500000002;13.56;35.0
2013-06-18;25.469999;21.4;13.8;34.98
2013-06-19;25.0;20.49;14.2;34.59
2013-06-20;24.190001;20.040001;13.68;33.490002
2013-06-21;24.200001;20.379999;13.95;33.27
2013-06-24;23.58;19.940001;13.89;33.720001
2013-06-25;23.879999;20.4;13.65;33.669998
2013-06-26;24.01;20.84;14.19;34.349998
2013-06-27;24.049999;21.200001;14.43;34.619999
2013-06-28;24.23;21.190001;14.67;34.540001
2013-07-01;23.889999;21.469999;14.74;34.360001
2013-07-02;23.8249995;21.809999;14.33;33.939999
2013-07-03;23.76;21.65;14.585;34.009998
2013-07-05;24.059999;21.76;14.84;34.209999
2013-07-08;23.190001;21.610001;14.75;34.330002
2013-07-09;23.139999;21.780001;14.98;34.349998
2013-07-10;23.25;21.77;15.11;34.700001
2013-07-11;23.99;22.200001;15.29;35.689999
2013-07-12;23.9;22.190001;15.18;35.929998499999996
2013-07-15;23.940001;22.24;15.2;36.169998
2013-07-16;24.25;21.959999;15.8;36.27
2013-07-17;24.15;22.1;16.860001;35.740002
2013-07-18;23.24;22.139999;16.35;35.439999
2013-07-19;23.040001;22.3649995;16.75;31.4
2013-07-22;22.77;22.59;17.440001;32.009998
2013-07-23;22.75;22.430000333333332;17.379999;31.82
2013-07-24;22.93;22.270000666666668;17.35;31.959999
2013-07-25;23.059999;22.110001;16.700001;31.389999
2013-07-26;23.26;21.58;16.5;31.620001
2013-07-29;23.24;21.24;16.24;31.540001
2013-07-30;23.379999;21.629999;16.43;31.85
2013-07-31;23.34;21.040001;15.8;31.84
2013-08-01;23.200001;21.959999;16.530001;31.67
2013-08-02;23.219999;21.620001;16.540001;31.889999
2013-08-05;22.92;21.76;16.43;31.700001
2013-08-06;22.799999;20.719999;16.969999;31.58
2013-08-07;22.700001;20.129999;16.74;32.060001
2013-08-08;22.450001;20.200001;16.4;32.889999
2013-08-09;22.51;20.15;16.155;32.700001
2013-08-12;22.639999;20.0;15.91;32.869999
2013-08-13;22.52;20.129999;15.95;32.23
2013-08-14;22.57;19.995;15.83;32.349998
2013-08-15;22.030001;19.860001;15.76;31.790001
2013-08-16;21.91;19.98;15.53;31.799999
2013-08-19;22.280001;19.92;15.67;31.389999
2013-08-20;22.52;19.950001;15.43;31.620001
2013-08-21;22.17;19.83;15.47;31.610001
2013-08-22;22.26;19.709999;15.44;32.389999
2013-08-23;22.440001;20.209999;15.35;34.75
2013-08-26;22.27;20.1;15.39;34.150002
2013-08-27;22.190001;20.379999;15.6;33.585001000000005
2013-08-28;22.290001;20.16;15.41;33.02
2013-08-29;22.059999;20.18;15.13;33.549999
2013-08-30;22.0649995;19.959999;14.09;33.400002
2013-09-03;22.07;20.384999;14.7;31.879999
2013-09-04;22.335;20.809999;15.3;31.5549995
2013-09-05;22.6;21.09;15.12;31.23
2013-09-06;22.67;21.02;14.51;31.15
2013-09-09;22.91;21.610001;13.8;31.66
2013-09-10;22.98;21.719999;13.5;32.389999
2013-09-11;22.809999;21.42;13.72;32.740002
2013-09-12;22.629999;21.16;13.57;32.689999
2013-09-13;23.440001;21.3099995;13.55;33.029999
2013-09-16;23.389999;21.459999;13.72;32.799999
2013-09-17;23.74;21.66;13.870000000000001;32.93
2013-09-18;23.9;21.879999;14.02;33.32
2013-09-19;23.91;21.629999;14.04;33.639999
2013-09-20;23.77;21.360001;14.42;32.790001
2013-09-23;23.620001;21.290001;14.47;32.740002
2013-09-24;23.700001;21.370001;14.56;32.450001
2013-09-25;23.700001;21.110001;14.6;32.509998
2013-09-26;23.41;21.299999;14.4;32.77
2013-09-27;22.98;21.290001;14.43;33.27
2013-09-30;22.92;21.52;14.12;33.279999
2013-10-01;22.83;21.4;14.21;33.580002
2013-10-02;22.889999;21.200001;13.81;33.919998
2013-10-03;22.6;21.035001;13.83;33.860001
2013-10-04;22.809999;20.870001;14.06;33.880001
2013-10-07;22.83;20.27;13.86;33.299999
2013-10-08;22.48;19.610001;13.84;33.009998
2013-10-09;22.59;19.75;14.03;33.07
2013-10-10;23.1;19.57;14.47;33.759998
2013-10-11;23.26;19.959999;14.5;34.104999500000005
2013-10-14;23.450001;19.93;14.59;34.450001
2013-10-15;23.389999;19.700001;14.22;34.490002
2013-10-16;23.700001;19.76;14.47;34.639999
2013-10-17;23.92;20.030001;14.7;34.919998
2013-10-18;23.879999;19.610001;14.58;34.959999
2013-10-21;24.139999;19.68;14.77;34.990002
2013-10-22;24.07;19.790001;14.67;34.580002
2013-10-23;23.74;19.48;14.56;33.759998
2013-10-24;23.780001;19.139999;14.74;33.720001
2013-10-25;24.24;19.26;14.52;35.73
2013-10-28;24.360001;19.51;14.58;35.57
2013-10-29;24.52;19.48;14.62;35.52
2013-10-30;24.5;19.42;14.05;35.540001
2013-10-31;24.415;17.25;14.01;35.41
2013-11-01;24.33;16.75;14.03;35.529999
2013-11-04;24.26;17.08;14.05;35.939999
2013-11-05;24.030001;16.85;14.7;36.639999
2013-11-06;24.25;17.07;15.18;38.18
2013-11-07;24.059999;16.916667;14.88;37.5
2013-11-08;24.09;16.763334;15.06;37.779999
2013-11-11;24.17;16.610001;15.24;37.59
2013-11-12;24.43;17.23;15.35;37.360001
2013-11-13;24.6;17.940001;15.8;38.16
2013-11-14;24.389999;18.65;15.68;38.02
2013-11-15;24.4949995;18.5;16.35;37.84
2013-11-18;24.6;18.719999;16.200001;37.290001000000004
2013-11-19;24.700001;18.700001;16.299999;36.740002
2013-11-20;24.559999;18.530001;16.290001;37.080002
2013-11-21;25.23;18.65;16.110001;37.400002
2013-11-22;23.870001;18.299999;16.799999;37.57
2013-11-25;23.75;18.17;16.85;37.639999
2013-11-26;23.65;18.16;16.459999;37.6199985
2013-11-27;23.9;18.530001;16.139999;37.599998
2013-11-29;23.84;18.299999;16.08;38.130001
2013-12-02;23.700001;18.6;16.02;38.450001
2013-12-03;23.549999;18.41;15.39;38.310001
2013-12-04;23.904999500000002;17.889999;15.3;38.939999
2013-12-05;24.26;17.790001;15.29;38.0
2013-12-06;24.82;18.1;15.47;38.360001
2013-12-09;24.93;17.969999;15.41;38.709999
2013-12-10;24.82;17.620001;15.6;38.110001
2013-12-11;24.42;17.440001;15.28;37.610001
2013-12-12;24.469999;17.67;15.36;37.220001
2013-12-13;24.290001;17.51;15.15;36.689999
2013-12-16;24.450001;17.5;15.27;36.889999
2013-12-17;24.66;17.25;15.27;36.52
2013-12-18;25.15;17.549999;15.87;36.580002
2013-12-19;25.139999;17.48;16.280001;36.25
2013-12-20;25.059999;17.559999;16.450001;36.799999
2013-12-23;25.32;17.76;16.6;36.619999
2013-12-24;25.5100005;17.450001;16.6;37.080002
2013-12-26;25.700001;17.309999;16.59;37.439999
2013-12-27;25.6;17.09;16.73;37.290001
2013-12-30;25.85;17.459999;16.74;37.290001
2013-12-31;25.959999;17.290001;16.68;37.41
2014-01-02;25.790001;17.16;16.549999;37.16
2014-01-03;25.625;17.18;16.620001;36.91
2014-01-06;25.459999;17.299999;17.01;36.130001
2014-01-07;25.59;17.32;17.15;36.41
2014-01-08;25.43;18.25;18.66;35.759998
2014-01-09;25.309999;18.08;18.25;35.529999
2014-01-10;25.530001;17.799999;18.950001;36.040001
2014-01-13;25.5;17.549999;18.91;34.98
2014-01-14;26.51;17.530001;18.66;35.779999
2014-01-15;26.67;17.41;18.219999;36.759998
2014-01-16;26.540001;17.229999499999998;17.959999;36.889999
2014-01-17;25.85;17.049999;14.9;36.380001
2014-01-21;25.59;16.85;16.040001;36.169998
2014-01-22;25.309999;17.110001;16.700001;35.93
2014-01-23;25.129999;16.790001;16.360001;36.060001
2014-01-24;24.809999;16.719999;16.15;36.045
2014-01-27;24.719999;16.23;16.1;36.029999
2014-01-28;24.9;16.42;15.47;36.27
2014-01-29;24.780000333333334;16.049999;16.23;36.66
2014-01-30;24.660000666666665;16.129999;15.06;36.860001
2014-01-31;24.540001;15.75;14.63;37.84
2014-02-03;23.950001;15.25;14.64;36.48
2014-02-04;23.82;16.1;14.89;36.349998
2014-02-05;23.52;15.9;14.48;35.82
2014-02-06;23.99;16.52;14.07;36.18
2014-02-07;24.209999;16.82;14.15;36.560001
2014-02-10;24.290001;16.68;14.94;36.799999
2014-02-11;24.469999;17.110001;14.97;37.135000000000005
2014-02-12;24.549999;17.32;14.9;37.470001
2014-02-13;24.654999500000002;17.200001;14.5;37.610001
2014-02-14;24.76;17.059999;14.52;37.619999
2014-02-18;24.76;17.34;15.07;37.419998
2014-02-19;24.5;17.07;15.34;37.509998
2014-02-20;24.74;17.17;15.03;37.75
2014-02-21;24.42;17.120001;15.25;37.98
2014-02-24;24.629999;17.4;15.37;37.689999
2014-02-25;24.620001;17.280001;15.39;37.540001
2014-02-26;24.799999;17.379999;15.76;37.470001
2014-02-27;24.76;17.52;15.3;37.890001
2014-02-28;24.630000000000003;17.549999;15.4;38.310001
2014-03-03;24.5;17.209999;15.2;37.779999
2014-03-04;24.610001;17.360001;15.56;38.41
2014-03-05;24.5;17.48;15.28;38.110001
2014-03-06;24.629999;17.860001;15.3;38.150002
2014-03-07;24.639999;17.950001;15.23;37.900002
2014-03-10;24.84;18.040001;14.87;37.960001000000005
2014-03-11;24.73;17.85;14.87;38.02
2014-03-12;24.76;17.84;14.82;38.27
2014-03-13;24.57;17.629999;14.85;37.889999
2014-03-14;24.5;17.17;14.64;37.700001
2014-03-17;24.700001;17.219999;14.7;38.625
2014-03-18;24.82;17.15;14.47;39.549999
2014-03-19;25.02;17.15;14.38;39.27
2014-03-20;25.43;17.610001;14.23;40.330002
2014-03-21;25.17;17.76;14.12;40.16
2014-03-24;25.120001;17.65;14.84;40.5
2014-03-25;25.25;18.25;14.33;40.34
2014-03-26;25.379999;18.049999;14.49;39.790001
2014-03-27;25.309999;18.27;14.37;39.360001
2014-03-28;25.620001;18.65;14.629999999999999;40.299999
2014-03-31;25.809999;19.0450005;14.89;40.990002
2014-04-01;25.99;19.440001;14.72;41.419998
2014-04-02;25.889999;19.290001;14.555;41.349998
2014-04-03;26.41;19.09;14.39;41.009998
2014-04-04;26.16;19.030001;14.25;39.869999
2014-04-07;26.49;18.9650005;14.28;39.799999
2014-04-08;26.91;18.9;14.129999999999999;39.82
2014-04-09;26.98;18.82;13.98;40.470001
2014-04-10;26.43;18.15;13.82;39.84
2014-04-11;26.18;18.379999;13.52;39.209999
2014-04-14;26.559999;18.59;13.5;39.18
2014-04-15;26.77;18.549999;13.32;39.75
2014-04-16;26.93;18.780001;13.41;40.400002
2014-04-17;27.040001;18.709999;13.64;40.009998
2014-04-21;26.950001;19.0;13.63;39.939999
2014-04-22;26.84;18.68;13.555;39.990002
2014-04-23;26.75;18.66;13.48;39.689999
2014-04-24;26.75;18.15;13.37;39.860001
2014-04-25;26.26;17.870001;13.02;39.91
2014-04-28;26.33;17.950001;13.05;40.869999
2014-04-29;26.48;17.959999;13.08;40.509998
2014-04-30;26.690001;17.639999;13.08;40.400002
2014-05-01;26.450001;17.16;13.3;40.0
2014-05-02;26.41;17.629999;13.4;39.689999
2014-05-05;26.17;17.639999;13.45;39.43
2014-05-06;26.200001;17.51;13.4;39.060001
2014-05-07;26.370001;17.549999;13.18;39.419998
2014-05-08;26.34;17.49;12.93;39.639999
2014-05-09;26.299999;17.379999;13.14;39.540001
2014-05-12;26.370001;17.450001;13.18;39.970001
2014-05-13;26.450001;17.639999;13.44;40.419998
2014-05-14;26.33;16.5;13.45;40.240002
2014-05-15;26.01;16.389999;13.45;39.599998
2014-05-16;25.82;16.379999;13.45;39.830002
2014-05-19;26.040001;16.32;13.6;39.75
2014-05-20;26.040001;16.01;13.84;39.68
2014-05-21;26.200001;16.049999;13.9;39.889999
2014-05-22;26.15;16.18;14.08;40.099998
2014-05-23;26.290001;16.409999499999998;14.22;40.119999
2014-05-27;26.709999;16.639999;14.35;40.189999
2014-05-28;26.879999;16.33;14.27;40.009998
2014-05-29;26.959999;16.209999;14.54;40.34
2014-05-30;27.32;16.18;14.56;40.939999
2014-06-02;27.26;16.290001;14.52;40.790001
2014-06-03;27.66;16.08;14.54;40.290001
2014-06-04;27.6;16.24;14.59;40.32
2014-06-05;27.66;16.24;14.42;40.9
2014-06-06;28.17;16.1;14.36;41.48
2014-06-09;27.91;16.299999;14.55;41.27
2014-06-10;28.24;16.18;14.45;41.110001
2014-06-11;27.93;15.99;14.01;40.860001
2014-06-12;27.959999;16.1049995;13.94;40.580002
2014-06-13;29.870001;16.219999;14.26;41.23
2014-06-16;30.01;16.26;14.67;41.5
2014-06-17;29.950001;16.120001;14.81;41.68
2014-06-18;29.93;16.299999;15.2;41.650002
2014-06-19;30.09;16.84;15.22;41.509998
2014-06-20;30.200001;16.969999;15.35;41.68
2014-06-23;30.23;16.780001;15.08;41.990002
2014-06-24;30.5;16.639999;15.12;41.75
2014-06-25;30.879999;16.91;14.99;42.029999
2014-06-26;30.780001;16.809999;14.89;41.720001
2014-06-27;30.93;16.76;14.79;42.25
2014-06-30;30.9;16.77;14.95;42.0599995
2014-07-01;30.98;17.129999;15.14;41.869999
2014-07-02;30.996667;16.92;15.34;41.900002
2014-07-03;31.013334;16.84;15.530000000000001;41.799999
2014-07-07;31.030001;16.93;15.72;41.990002
2014-07-08;30.790001;16.77;15.51;41.779999
2014-07-09;30.889999;16.790001;15.59;41.669998
2014-07-10;31.26;16.65;15.21;41.689999
2014-07-11;31.25;16.66;15.07;42.09
2014-07-14;31.49;16.67;15.37;42.139999
2014-07-15;31.709999;16.530001;15.4;42.450001
2014-07-16;34.650002;16.76;15.51;43.489999999999995
2014-07-17;33.700001;16.700001;15.535;44.529999
2014-07-18;33.700001;16.790001;15.56;44.689999
2014-07-21;34.060001;16.709999;15.73;44.84
2014-07-22;34.790001;16.690001;15.9;44.830002
2014-07-23;34.5;16.889999;15.77;44.869999
2014-07-24;34.25;17.33;15.52;44.400002
2014-07-25;34.25;17.68;15.59;44.5
2014-07-28;34.23;17.5749995;15.21;43.970001
2014-07-29;34.189999;17.469999;15.11;43.889999
2014-07-30;34.349998;17.530001;14.35;43.580002
2014-07-31;33.889999;17.775000499999997;13.83;43.220001499999995
2014-08-01;33.740002;18.02;13.75;42.860001
2014-08-04;34.049999;18.299999;13.68;43.369999
2014-08-05;32.82;18.01;13.46;43.080002
2014-08-06;32.849998;17.75;13.46;42.740002
2014-08-07;32.68;17.34;13.4;43.23
2014-08-08;32.599998;17.42;13.35;43.200001
2014-08-11;32.864999499999996;17.370001;13.44;43.200001
2014-08-12;33.130001;17.360001;13.31;43.52
2014-08-13;34.099998;17.940001;13.38;44.080002
2014-08-14;33.939999;18.07;13.47;44.27
2014-08-15;34.169998;18.41;13.78;44.790001
2014-08-18;34.41;18.52;14.35;45.110001
2014-08-19;34.34;18.860001;14.18;45.330002
2014-08-20;34.5;18.950001;14.01;44.950001
2014-08-21;35.150002;18.83;13.99;45.220001
2014-08-22;34.939999;18.860001;13.93;45.150002
2014-08-25;34.810001;18.969999;14.03;45.169998
2014-08-26;34.799999;18.870001;13.89;45.009998
2014-08-27;34.790001;18.83;13.85;44.869999
2014-08-28;34.650002;18.9;13.71;44.880001
2014-08-29;34.919998;19.110001;13.89;45.43
2014-09-02;34.57;19.4;14.3;45.09
2014-09-03;34.57;19.510000499999997;14.17;44.959999
2014-09-04;34.91;19.620001;14.15;45.4349995
2014-09-05;35.0;19.27;14.16;45.91
2014-09-08;34.955;19.209999;13.9;46.470001
2014-09-09;34.91;19.200001;13.73;46.6550005
2014-09-10;35.02;19.5;13.84;46.84
2014-09-11;34.8199995;19.799999;13.95;47.0
2014-09-12;34.619999;19.835;13.78;46.700001
2014-09-15;34.540001;19.870001;13.76;46.240002
2014-09-16;34.93;20.25;14.16;46.759998
2014-09-17;34.98;18.879999;13.91;46.52
2014-09-18;35.169998;18.040001;13.92;46.68
2014-09-19;34.82;17.690001;13.93;47.52
2014-09-22;34.709999;17.360001;14.09;47.060001
2014-09-23;34.729999500000005;17.370001;13.97;46.560001
2014-09-24;34.75;17.35;13.79;47.080002
2014-09-25;34.139999;17.27;13.75;46.745001
2014-09-26;34.259998;17.42;13.8;46.41
2014-09-29;34.900002;17.780001;13.643333333333334;46.439999
2014-09-30;34.82;18.040001;13.486666666666666;46.360001
2014-10-01;33.990002;17.77;13.33;45.900002
2014-10-02;33.52;17.459999;13.13;45.759998
2014-10-03;34.029999;17.610001;13.11;45.924999
2014-10-06;34.110001;17.76;13.29;46.09
2014-10-07;33.470001;17.370001;13.265;45.529999
2014-10-08;34.27;17.790001;13.24;46.779999
2014-10-09;33.619999;17.18;12.96;45.849998
2014-10-10;31.91;17.120001;12.8;44.029999
2014-10-13;31.469999;16.98;12.69;43.650002
2014-10-14;32.139999;17.049999;12.83;43.73
2014-10-15;31.280001;17.040001;12.78;43.220001
2014-10-16;30.85;16.889999;12.59;42.740002
2014-10-17;31.379999;17.24;12.67;43.630001
2014-10-20;31.58;17.530001;12.78;44.080002
2014-10-21;32.610001;17.43;12.95;44.880001
2014-10-22;32.27;17.629999;13.01;44.380001
2014-10-23;32.689999;17.870001;13.02;45.02
2014-10-24;33.18;17.719999;12.72;46.130001
2014-10-27;33.200001;17.48;12.91;45.91
2014-10-28;33.740002;17.719999;12.9;46.490002
2014-10-29;33.919998;18.219999;13.8;46.270000499999995
2014-10-30;32.580002;18.719999;12.94;46.049999
2014-10-31;34.009998;19.82;13.67;46.950001
2014-11-03;34.2749995;20.16;13.79;47.260000500000004
2014-11-04;34.540001;20.01;13.47;47.57
2014-11-05;33.759998;20.18;13.48;47.860001
2014-11-06;33.82;19.700001;13.27;48.700001
2014-11-07;33.580002;19.620001;13.13;48.68
2014-11-10;33.259998;20.5;13.15;48.889999
2014-11-11;33.310001;20.709999;13.4;48.869999
2014-11-12;33.380001;20.629999;13.55;48.779999
2014-11-13;33.68;20.41;13.51;49.1800005
2014-11-14;33.950001;20.639999;13.77;49.580002
2014-11-17;34.240002;20.26;13.58;49.459999
2014-11-18;34.709999;20.5349995;13.9;48.740002
2014-11-19;34.349998;20.809999;13.63;48.220001
2014-11-20;35.950001;20.48;13.62;48.700001
2014-11-21;35.59;21.24;13.8;47.98
2014-11-24;36.25;21.629999;13.79;47.59
2014-11-25;36.32;21.66;13.98;47.470001
2014-11-26;36.785;21.690001;14.45;47.75
2014-11-28;37.25;21.99;14.5;47.810001
2014-12-01;37.31;22.15;14.82;48.619999
2014-12-02;37.37;21.959999;14.54;48.459999
2014-12-03;37.43;21.950001;14.74;48.080002
2014-12-04;37.459999;22.120001;14.55;48.84
2014-12-05;37.669998;22.16;14.41;48.419998
2014-12-08;37.200001;21.15;14.17;47.700001
2014-12-09;36.889999;20.700001;14.03;47.59
2014-12-10;36.419998;20.790001;14.14;46.900002
2014-12-11;36.700001;20.74;14.02;47.169998
2014-12-12;36.23;20.33;13.75;46.950001
2014-12-15;35.919998;19.719999;13.57;46.669998
2014-12-16;35.560001;19.719999;13.3;45.16
2014-12-17;36.240002;20.389999;13.26;45.740002
2014-12-18;37.02;21.139999;13.47;47.52
2014-12-19;36.369999;20.58;13.27;47.66
2014-12-22;37.209999;20.780001;13.2;47.98
2014-12-23;37.43;20.860001;13.24;48.450001
2014-12-24;37.439999;21.32;13.31;48.139999
2014-12-26;37.3099995;21.27;13.33;47.880001
2014-12-29;37.18;21.17;13.09;47.450001
2014-12-30;36.759998;20.58;13.01;47.02
2014-12-31;36.290001;20.469999;12.95;46.450001
2015-01-02;36.360001;20.559999;13.04;46.759998
2015-01-05;35.950001;20.26;12.69;46.330002
2015-01-06;35.279999;20.25;12.37;45.650002
2015-01-07;35.984999;21.530001;12.51;46.23
2015-01-08;36.689999;21.559999;12.8;47.59
2015-01-09;36.759998;21.34;12.71;47.189999
2015-01-12;36.599998;21.360001;12.73;46.599998
2015-01-13;36.5;21.18;12.600000000000001;46.360001
2015-01-14;36.3449995;20.700001;12.47;45.959999
2015-01-15;36.189999;20.93;12.78;45.48
2015-01-16;36.450001;20.67;12.85;46.240002
2015-01-20;36.09;20.82;12.8;46.389999
2015-01-21;36.48;21.91;12.805;45.919998
2015-01-22;36.91;22.17;12.81;47.130001
2015-01-23;36.450001;22.6;12.67;47.18
2015-01-26;35.810001;23.370001;12.81;47.009998
2015-01-27;34.189999;23.059999;12.89;42.66
2015-01-28;33.779999;23.459999;12.42;42.334998999999996
2015-01-29;34.209999;23.375;11.89;42.009998
2015-01-30;33.040001;23.290001;12.04;40.400002
2015-02-02;33.650002;23.33;12.07;41.279999
2015-02-03;33.700001;23.389999;12.1;41.599998
2015-02-04;33.599998;25.940001;12.04;41.84
2015-02-05;33.939999;26.82;12.12;42.450001
2015-02-06;33.299999;26.57;12.43;42.41
2015-02-09;32.93;25.690001;12.25;42.360001
2015-02-10;33.700001;26.059999;12.4;42.599998
2015-02-11;33.549999;26.1;12.37;42.844999
2015-02-12;34.130001;27.110001;12.4;43.09
2015-02-13;34.360001;27.299999;12.41;43.869999
2015-02-17;34.740002;26.6;12.34;43.580002
2015-02-18;34.27;28.02;12.57;43.529999
2015-02-19;34.209999;27.370001;12.68;43.5
2015-02-20;34.41;27.26;12.77;43.860001
2015-02-23;33.759998;27.030001;12.79;44.150002
2015-02-24;34.41;27.74;12.77;44.09
2015-02-25;33.950001;27.690001;12.83;43.990002
2015-02-26;33.650002;28.129999;13.01;44.060001
2015-02-27;33.25;28.32;13.34;43.849998
2015-03-02;34.060001;28.110001;13.5;43.880001
2015-03-03;34.099998;27.83;13.5;43.279999
2015-03-04;34.119999;27.889999;13.49;43.060001
2015-03-05;33.73;28.059999;14.11;43.110001
2015-03-06;33.189999;27.6649995;14.25;42.360001
2015-03-09;32.720001;27.27;14.27;42.849998
2015-03-10;31.700001;26.57;13.81;42.029999
2015-03-11;32.330002;26.84;13.67;41.98
2015-03-12;30.799999;27.129999;13.94;41.02
2015-03-13;30.93;26.559999;14.04;41.380001
2015-03-16;30.83;25.82;14.29;41.560001
2015-03-17;30.59;26.75;18.219999;41.700001
2015-03-18;30.889999;28.110001;22.15;41.995001
2015-03-19;31.099999;27.85;19.6;42.290001
2015-03-20;31.309999;27.91;18.690001;42.880001
2015-03-23;31.200001;27.780001;19.200001;42.860001
2015-03-24;30.790001;27.57;18.65;42.900002
2015-03-25;29.889999;26.690001;19.209999;41.459999
2015-03-26;30.08;26.540001;18.66;41.209999
2015-03-27;32.0;26.780001;19.08;40.970001
2015-03-30;31.459999;27.09;18.92;40.959999
2015-03-31;31.27;26.780001;18.43;40.84
2015-04-01;30.809999;27.26;18.719999;40.720001
2015-04-02;30.809999;27.85;18.360001;40.290001
2015-04-06;31.040001;29.35;19.639999;41.549999
2015-04-07;31.26;28.969999;19.940001;41.529999
2015-04-08;31.309999;29.52;19.790001;41.419998
2015-04-09;31.24;29.9;19.620001;41.48
2015-04-10;31.93;30.559999;19.74;41.720001
2015-04-13;31.73;30.370001;20.35;41.759998
2015-04-14;31.49;31.129999;20.23;41.650002
2015-04-15;32.830002;31.75;20.84;42.259998
2015-04-16;32.869999;31.08;21.6;42.16
2015-04-17;32.470001;30.01;21.25;41.619999
2015-04-20;32.73;30.360001;21.35;42.91
2015-04-21;32.43;30.879999;21.690001;42.639999
2015-04-22;32.700001;32.349998;21.879999;42.990002
2015-04-23;32.349998;30.719999;21.24;43.34
2015-04-24;32.080002;31.34;21.85;45.6849995
2015-04-27;32.5;31.190001;21.530001;48.029999
2015-04-28;33.02;31.01;22.25;49.16
2015-04-29;32.889999;30.700001;21.799999;49.060001
2015-04-30;32.549999;30.23;21.040001;48.639999
2015-05-01;32.989999499999996;30.91;21.190001;48.66
2015-05-04;33.43;31.15;21.299999;48.240002
2015-05-05;32.639999;30.33;20.879999;47.599998
2015-05-06;32.220001;29.959999;20.780001;46.279999
2015-05-07;32.240002;30.299999;21.585;46.700001
2015-05-08;32.799999;30.639999;22.389999;47.75
2015-05-11;32.689999;30.84;21.450001;47.369999
2015-05-12;32.25;31.42;21.59;47.349998
2015-05-13;32.639999;32.0;23.09;47.630001
2015-05-14;32.970001;32.189999;23.65;48.720001
2015-05-15;32.990002;32.740002;23.879999;48.299999
2015-05-18;33.41;32.450001;23.27;48.009998
2015-05-19;33.150002;32.610001;22.75;47.580002
2015-05-20;33.369999;32.169998;22.48;47.580002
2015-05-21;33.549999;31.809999;22.309999;47.240002000000004
2015-05-22;33.450001;31.719999;22.01;46.900002
2015-05-26;33.099998;31.629999;21.440001;46.59
2015-05-27;33.709999;31.24;21.07;47.610001
2015-05-28;34.009998;31.08;20.969999;47.450001
2015-05-29;33.959998999999996;30.92;21.16;46.860001
2015-06-01;33.91;30.799999;21.57;47.23
2015-06-02;33.27;30.540001;21.09;46.919998
2015-06-03;32.73;30.2800005;21.1;46.849998
2015-06-04;32.310001;30.02;21.190001;46.360001
2015-06-05;31.84;30.049999;20.85;46.139999
2015-06-08;31.299999;29.27;20.719999;45.73
2015-06-09;31.25;29.139999;20.42;45.650002
2015-06-10;31.82;29.98;20.65;46.610001
2015-06-11;31.85;30.51;20.280001;46.439999
2015-06-12;31.32;30.595;20.65;45.970001
2015-06-15;31.389999;30.68;20.51;45.48
2015-06-16;31.639999;30.440001;20.629999;45.830002
2015-06-17;31.950001;29.950001;20.294999;45.970001
2015-06-18;32.380001;29.8100005;19.959999;46.720001
2015-06-19;32.07;29.67;19.99;46.099998
2015-06-22;32.259998;30.5;20.540001;46.23
2015-06-23;32.09;31.01;21.290001;45.9349995
2015-06-24;31.91;30.51;20.93;45.639999
2015-06-25;31.99;31.15;21.545;45.650002
2015-06-26;31.02;31.17;22.16;45.259998
2015-06-29;30.389999;30.360001;21.280001;44.369999
2015-06-30;30.42;28.389999;20.98;44.150002
2015-07-01;30.18;28.51;21.52;44.450001
2015-07-02;30.559999;28.389999;21.360001;44.400002
2015-07-06;30.040001;28.040001;21.070000999999998;44.389999
2015-07-07;29.9;28.17;20.780001;44.299999
2015-07-08;29.5;26.809999;20.0;44.240002
2015-07-09;28.93;27.360001;20.23;44.52
2015-07-10;29.17;28.4;20.08;44.610001
2015-07-13;29.73;28.67;20.095000499999998;45.540001
2015-07-14;29.65;28.299999;20.110001;45.619999
2015-07-15;29.690001;27.92;20.48;45.759998
2015-07-16;29.9;27.98;21.299999;46.66
2015-07-17;29.469999;28.120001;21.610001;46.619999
2015-07-20;29.1;28.110001;21.65;46.919998
2015-07-21;28.719999;28.450001;21.9;47.279999
2015-07-22;28.6599995;28.379999;21.68;45.540001
2015-07-23;28.6;29.200001;21.879999;46.110001
2015-07-24;28.059999;29.27;21.700001;45.939999
2015-07-27;28.35;28.879999;20.83;45.349998
2015-07-28;28.959999;29.24;21.040001;45.34
2015-07-29;29.01;29.540001;22.9;46.290001
2015-07-30;29.023333;29.120001;22.43;46.880001
2015-07-31;29.036666;28.35;22.01;46.700001
2015-08-03;29.049999;27.76;22.299999;46.810001
2015-08-04;29.129999;27.360001;22.379999;47.540001
2015-08-05;29.120001;27.110001;23.200001;47.580002
2015-08-06;29.01;26.559999;22.860001;46.619999
2015-08-07;28.879999;26.854999499999998;23.299999;46.740002
2015-08-10;29.639999;27.15;24.75;47.330002
2015-08-11;28.969999;27.35;24.459999;47.035002
2015-08-12;29.459999;26.719999;24.32;46.740002
2015-08-13;28.870001;26.969999;24.32;46.73
2015-08-14;29.02;27.120001;24.24;47.0
2015-08-17;29.08;26.83;24.75;47.32
2015-08-18;28.91;26.870001;24.799999;47.27
2015-08-19;28.360001;26.629999;24.91;46.610001
2015-08-20;27.530001;25.52;24.700001;45.66
2015-08-21;26.559999;24.51;23.459999;43.07
2015-08-24;26.25;23.25;22.299999;41.68
2015-08-25;25.870001;23.790001;23.49;40.470001
2015-08-26;27.299999;25.040001;25.190001;42.709999
2015-08-27;27.719999;25.860001;24.780001;43.900002
2015-08-28;28.42;25.870001;24.85;43.710001000000005
2015-08-31;28.540001;25.375;25.620001;43.52
2015-09-01;27.82;24.879999;24.280001;41.82
2015-09-02;28.6;25.099999500000003;24.83;43.360001
2015-09-03;29.08;25.32;24.58;43.5
2015-09-04;28.52;24.559999;23.959999;42.610001
2015-09-08;29.5;24.9;23.950001;43.889999
2015-09-09;29.24;25.059999;23.860001;43.07
2015-09-10;29.27;25.93;24.190001;43.290001
2015-09-11;29.469999;26.16;23.84;43.48
2015-09-14;29.389999;25.959999;23.73;43.040001
2015-09-15;29.73;26.11333266666667;23.74;43.98
2015-09-16;29.77;26.266666333333333;22.690001;44.114999999999995
2015-09-17;29.709999;26.42;21.9;44.25
2015-09-18;29.02;25.41;21.530001;43.48
2015-09-21;29.16;25.459999;21.75;44.110001
2015-09-22;28.67;25.02;21.41;43.900002
2015-09-23;28.74;24.98;21.42;43.869999
2015-09-24;28.48;25.02;20.99;43.904999000000004
2015-09-25;28.809999;25.34;21.299999;43.939999
2015-09-28;28.76;24.049999;20.65;43.290001
2015-09-29;29.24;23.610001;20.34;43.439999
2015-09-30;30.139999;24.5;20.969999;44.259998
2015-10-01;30.0;24.719999;21.530001;44.610001
2015-10-02;30.51;25.76;21.889999;45.57
2015-10-05;31.209999;26.49;22.49;46.630001
2015-10-06;31.74;26.33;22.220000499999998;46.75
2015-10-07;32.32;26.76;21.950001;46.799999
2015-10-08;32.52;26.42;21.790001;47.450001
2015-10-09;32.139999;26.6;22.09;47.110001
2015-10-12;32.209999;26.709999;22.129999;47.0
2015-10-13;32.040001;26.41;22.799999;46.889999
2015-10-14;32.799999;26.01;22.35;46.68
2015-10-15;32.75;26.595;23.209999;47.009998
2015-10-16;33.17;27.18;23.889999;47.509998
2015-10-19;33.59;27.43;24.360001;47.619999
2015-10-20;33.439999;27.23;24.219999;47.77
2015-10-21;33.369999;28.1;24.290001;47.200001
2015-10-22;34.400002;28.74;24.34;48.029999
2015-10-23;34.900002;28.799999;24.620001;52.869999
2015-10-26;34.59;28.940001;24.860001;54.25
2015-10-27;34.470001;28.6;24.08;53.689999
2015-10-28;34.709999;28.969999;24.360001;53.525
2015-10-29;34.029999;28.1;21.51;53.360001
2015-10-30;33.860001;28.4;20.219999;52.639999
2015-11-02;34.110001;28.879999;20.43;53.240002
2015-11-03;34.310001;28.91;20.360001;53.820002
2015-11-04;34.150002;28.450001;20.360001;54.400002
2015-11-05;34.0;28.25;20.51;54.32000133333333
2015-11-06;33.84;28.049999;20.49;54.24000066666667
2015-11-09;33.349998;27.870001;20.9;54.16
2015-11-10;33.209999;28.1;20.68;53.509998
2015-11-11;32.860001;28.299999;20.790001;53.650002
2015-11-12;32.485001;27.870001;20.575001;53.32
2015-11-13;32.110001;27.309999;20.360001;52.84
2015-11-16;32.099998;27.440001;19.940001;53.77
2015-11-17;32.639999;26.870001;19.8050005;52.970001
2015-11-18;33.16;26.99;19.67;53.849998
2015-11-19;34.299999;26.860001;19.530001;53.939999
2015-11-20;34.66;26.889999;19.5550005;54.189999
2015-11-23;34.5100005;26.790001;19.58;54.189999
2015-11-24;34.360001;26.959999;19.67;54.25
2015-11-25;34.41;26.61333266666667;19.860001;53.689999
2015-11-27;34.459999;26.266666333333333;19.540001;54.0199985
2015-11-30;34.77499950000001;25.92;19.129999;54.349998
2015-12-01;35.09;25.66;19.450001;55.220001
2015-12-02;34.830002;25.4;19.440001;55.209999
2015-12-03;34.040001;25.25;19.27;54.200001
2015-12-04;34.939999;25.389999;19.34;55.91
2015-12-07;34.990002;25.299999;19.16;55.810001
2015-12-08;34.75;24.799999;18.49;55.790001
2015-12-09;34.810001;24.714999;18.799999;54.98
2015-12-10;34.77;24.629999;18.67;55.27
2015-12-11;34.27;24.639999500000002;18.110001;54.060001
2015-12-14;34.470001;24.65;18.1;55.139999
2015-12-15;35.18;24.5;17.559999;55.200001
2015-12-16;35.299999;25.24;17.73;56.130001
2015-12-17;34.91;25.129999;17.360001;55.700001
2015-12-18;33.869999;24.440001;17.07;54.130001
2015-12-21;34.240002;24.369999999999997;16.91;54.830002
2015-12-22;34.73;24.299999;16.719999;55.349998
2015-12-23;35.0;24.620001;16.860001;55.82
2015-12-24;34.98;24.700001;16.629999;55.669998
2015-12-28;34.93;24.67;16.99;56.1099985
2015-12-29;35.439999;24.83;17.66;56.549999
2015-12-30;34.945;24.719999;17.27;56.310001
2015-12-31;34.450001;24.610001;17.26;55.48
2016-01-04;33.990002;24.73;17.25;54.799999
2016-01-05;33.830002;25.469999;16.559999;55.049999
2016-01-06;33.080002;23.629999;15.74;54.049999
2016-01-07;31.84;23.27;15.98;52.169998
2016-01-08;31.51;23.0;16.049999;52.330002
2016-01-11;32.060001;23.360001;16.02;52.299999
2016-01-12;32.68;22.85;15.49;52.779999
2016-01-13;31.91;22.49;15.97;51.639999
2016-01-14;32.740002;22.299999;15.86;53.110001
2016-01-15;29.76;21.440001;15.53;50.990002
2016-01-19;29.799999;21.240001;17.02;50.560001
2016-01-20;29.59;21.040001;16.5399995;50.790001
2016-01-21;29.66;21.16;16.059999;50.48
2016-01-22;29.93;21.74;16.3199995;52.290001
2016-01-25;29.6;21.129999;16.58;52.2299995
2016-01-26;29.940001;21.23;16.99;52.169998
2016-01-27;29.809999;21.040001;16.559999;52.114999499999996
2016-01-28;29.969999;20.290001;16.469999;52.060001
2016-01-29;31.02;23.879999;17.57;55.09
2016-02-01;30.82;23.309999;17.799999;54.045
2016-02-02;29.799999;22.389999;18.32;53.0
2016-02-03;29.34;22.030001;17.65;52.16
2016-02-04;29.77;22.08;18.110001;52.0
2016-02-05;29.295;21.73;17.860001;50.16
2016-02-08;28.82;21.200001;18.09;49.41
2016-02-09;28.809999;20.75;17.200001;49.279999
2016-02-10;28.23;20.790001;16.74;49.709999
2016-02-11;28.219999;20.26;16.6;49.689999
2016-02-12;28.639999;20.82;16.49;50.5
2016-02-16;28.780001;21.57;17.27;51.09
2016-02-17;29.1000005;22.18;17.35;52.419998
2016-02-18;29.42;22.219999;17.860001;52.189999
2016-02-19;28.709999;21.969999;18.125;51.82
2016-02-22;29.35;22.309999;18.389999;52.650002
2016-02-23;28.799999;21.51;18.040001;52.0050015
2016-02-24;29.190001;21.43;18.01;51.360001
2016-02-25;29.620001;21.34;18.049999;52.099998
2016-02-26;29.799999;21.540001;16.68;51.299999
2016-02-29;29.59;21.120001;17.389999;50.880001
2016-03-01;30.0650005;21.610001;17.299999;52.580002
2016-03-02;30.540001;22.0;17.52;52.950001
2016-03-03;30.58;22.465;17.860000499999998;52.349998
2016-03-04;30.629999;22.93;18.200001;52.029999
2016-03-07;30.940001;23.219999;17.280001;51.029999
2016-03-08;30.559999;22.459999;17.389999;51.650002
2016-03-09;30.870001;23.280001;17.530001;51.8500005
2016-03-10;31.25;23.66;17.57;52.049999
2016-03-11;31.76;24.610001;17.870001;53.07
2016-03-14;31.43;24.58;17.635000499999997;53.169998
2016-03-15;31.65;24.52;17.4;53.59
2016-03-16;31.690001;25.5;17.49;54.349998
2016-03-17;31.98;26.09;17.455;54.66
2016-03-18;32.68;26.27;17.42;53.490002
2016-03-21;32.34;26.469999;17.34;53.860001
2016-03-22;32.32;26.26;18.35;54.07
2016-03-23;32.0;25.864999500000003;18.5;53.970001
2016-03-24;31.879999;25.469999;18.65;54.209999
2016-03-28;31.9;25.549999;18.66;53.540001
2016-03-29;32.380001;25.67;18.889999;54.709999
2016-03-30;32.709999;25.790001;18.16;55.049999
2016-03-31;32.349998;25.719999;17.75;55.23
2016-04-01;32.174999;24.92;17.32;55.57
2016-04-04;32.0;25.610001;17.190001;55.43
2016-04-05;31.9;25.7250005;16.93;54.560001
2016-04-06;32.080002;25.84;17.139999;55.119999
2016-04-07;31.855000500000003;25.299999;17.63;54.459999
2016-04-08;31.629999;26.07;18.120001;54.419998
2016-04-11;31.67;26.98;18.290001;54.310001
2016-04-12;31.860001;27.969999;18.9;54.650002
2016-04-13;32.130001;28.1;18.74;55.349998
2016-04-14;31.799999;27.610001;19.059999;55.360001
2016-04-15;31.7249995;26.66;19.059999;55.650002
2016-04-18;31.65;26.48;19.219999;56.459999
2016-04-19;31.6;26.75;19.59;56.389999
2016-04-20;32.0;27.92;19.91;55.59
2016-04-21;31.969999;26.42;19.690001;55.779999
2016-04-22;31.639999;26.639999;19.4;51.779999
2016-04-25;31.389999;25.700001;18.889999;52.110001
2016-04-26;31.4;25.77;18.719999;51.525
2016-04-27;31.75;25.610001;17.9099995;50.939999
2016-04-28;31.110001;24.26;17.1;49.900002
2016-04-29;30.280001;24.1;17.059999;49.869999
2016-05-02;30.610001;24.719999;17.469999;50.610001
2016-05-03;30.360001;24.120001;17.450001;49.779999
2016-05-04;29.85;23.85;17.299999;49.869999
2016-05-05;29.9;23.860000499999998;17.35;49.939999
2016-05-06;29.8499995;23.870001;17.480000500000003;50.389999
2016-05-09;29.799999;23.93;17.610001;50.07
2016-05-10;30.139999;24.77;17.5100005;51.02
2016-05-11;30.059999;24.559999;17.41;51.049999
2016-05-12;29.76;25.84;17.799999;51.509998
2016-05-13;29.91;26.120001;17.690001;51.080002
2016-05-16;30.389999;26.360001;18.040001;51.830002
2016-05-17;29.98;25.92;18.17;50.509998
2016-05-18;29.99;26.780001;18.35;50.810001
2016-05-19;29.629999;26.09;18.42;50.32
2016-05-20;30.15;26.440001;18.5;50.619999
2016-05-23;30.23;26.27;18.32;50.029999
2016-05-24;31.059999;27.84;18.16;51.59
2016-05-25;31.389999;27.9;18.32;52.119999
2016-05-26;31.49;28.049999;18.17;51.889999
2016-05-27;31.54;28.02;18.0;52.32
2016-05-31;31.59;27.860001;18.34;53.0
2016-06-01;31.66;27.860001;18.219999;52.849998
2016-06-02;31.76;28.0;18.059999;52.48
2016-06-03;31.620001;27.950001;18.139999;51.790001
2016-06-06;31.75;28.799999;18.459999;52.130001
2016-06-07;31.879999;28.889999;18.860001;52.099998
2016-06-08;31.889999;29.18;19.35;52.040001
2016-06-09;31.940001;28.626666666666665;18.950001;51.619999
2016-06-10;32.0549995;28.073333333333334;18.5;51.48
2016-06-13;32.169998;27.52;18.01;50.655001
2016-06-14;32.139999;27.67;17.82;49.830002
2016-06-15;31.610001;28.0;17.780001;49.689999
2016-06-16;31.690001;27.96;17.67;50.389999
2016-06-17;31.76;27.92;17.610001;50.130001
2016-06-20;32.169998;28.540001;17.950001;50.07
2016-06-21;32.32;29.08;17.99;51.189999
2016-06-22;32.290001;28.610001;17.700001;50.990002
2016-06-23;32.990002;29.0;17.83;51.91
2016-06-24;31.549999;27.6;17.26;49.830002
2016-06-27;30.719999;27.08;16.809999;48.43
2016-06-28;31.190001;28.120001;17.129999;49.439999
2016-06-29;31.93;29.34;17.780001;50.540001
2016-06-30;32.799999;29.35;17.780001;51.169998
2016-07-01;32.75;29.270000500000002;17.75;51.16
2016-07-05;32.68;29.190001;17.5;51.169998
2016-07-06;32.970001;30.09;17.629999;51.380001
2016-07-07;33.200001;30.08;18.809999;51.84
2016-07-08;34.0;30.59;20.73;52.299999
2016-07-11;34.380001;31.200001;27.700001;52.59
2016-07-12;34.939999;30.59;27.59;53.209999
2016-07-13;35.009998;30.3150005;26.530001;53.509998
2016-07-14;35.200001;30.040001;30.549999;53.740002
2016-07-15;35.07;30.040001;33.959998999999996;53.700001
2016-07-18;35.049999;30.299999;37.369999;53.959999
2016-07-19;35.150002;30.27;35.849998;53.09
2016-07-20;35.689999;30.52;33.82;55.91
2016-07-21;34.27;30.0;32.419998;55.799999
2016-07-22;34.66;30.209999;29.0;56.57
2016-07-25;34.689999;29.85;25.65;56.73
2016-07-26;35.09;30.209999;27.540001;56.759998
2016-07-27;34.830002;30.389999;26.24;56.189999
2016-07-28;34.77;30.68;25.01;56.209999
2016-07-29;34.860001;33.41;25.780001;56.68
2016-08-01;34.849998;32.5;25.5;56.580002
2016-08-02;34.560001;32.5;25.52;56.580002
2016-08-03;34.570001500000004;32.349998;25.935000000000002;56.970001
2016-08-04;34.580002;32.599998;26.35;57.389999
2016-08-05;34.98;32.720001;25.82;57.959999
2016-08-08;35.040001;32.7849995;26.030001;58.060001
2016-08-09;34.919998;32.849998;27.92;58.200001
2016-08-10;34.529999;32.849998;28.27;58.02
2016-08-11;34.68;33.040001;28.33;58.299999
2016-08-12;34.57;32.82;27.43;57.939999
2016-08-15;34.91;32.759998;27.18;57.689999
2016-08-16;35.209999;32.779999;27.0;57.439999
2016-08-17;35.02;32.369999;28.01;57.560001
2016-08-18;34.970001;33.099998;28.58;57.599998
2016-08-19;35.240002;32.720001;27.83;57.619999
2016-08-22;35.360001;33.009998;28.290001;57.669998
2016-08-23;35.400002;33.119999;28.01;57.889999
2016-08-24;35.150002;33.25;27.540001;57.950001
2016-08-25;35.09;33.439999;27.459999;58.169998
2016-08-26;35.259998;33.18;26.9;58.029999
2016-08-29;35.549999;32.849998;26.96;58.099998
2016-08-30;35.700001;32.59;27.02;57.889999
2016-08-31;35.889999;32.3649995;27.280001;57.459999
2016-09-01;36.02;32.139999;28.01;57.59
2016-09-02;36.080002;32.8299995;28.84;57.669998
2016-09-06;36.57;33.52;28.200001;57.610001
2016-09-07;36.459999;33.439999;36.32;57.66
2016-09-08;36.439999;33.119999;33.880001;57.43
2016-09-09;35.439999;32.450001;32.900002;56.209999
2016-09-12;36.080002;32.669998;33.150002;57.049999
2016-09-13;35.610001;32.16;31.35;56.529999
2016-09-14;35.619999;32.220001;31.6;56.259998
2016-09-15;36.560001;32.470001;33.110001;57.189999
2016-09-16;37.669998;31.790001;32.700001;57.25
2016-09-19;37.16;31.889999;32.869999;56.93
2016-09-20;37.139999;32.459999;33.48;56.810001
2016-09-21;37.450001;33.43;33.400002;57.759998
2016-09-22;37.32;33.91;33.740002;57.82
2016-09-23;37.189999;33.599998;33.5;57.360001
2016-09-26;36.650002;33.459999;32.98;56.900002
2016-09-27;37.18;33.470001;33.41;57.950001
2016-09-28;37.439999;33.580002;33.740002;57.6750015
2016-09-29;37.32;33.240002;33.209999;57.400002
2016-09-30;37.75;33.209999;32.98;57.599998
2016-10-03;37.66;33.099998;32.490002;57.419998
2016-10-04;37.540001;32.740002;31.889999;57.240002
2016-10-05;37.990002;32.939999;32.540001;57.639999
2016-10-06;38.07;32.720001;31.799999;57.740002
2016-10-07;38.099998;32.7250005;32.18;57.799999
2016-10-10;38.02;32.73;32.419998;58.040001
2016-10-11;37.27;32.779999;31.67;57.189999
2016-10-12;37.130001;32.700001;31.209999;57.110001
2016-10-13;36.970001;33.27;31.219999;56.919998
2016-10-14;37.450001;32.889999;32.02;57.419998
2016-10-17;37.290001;32.790001;31.23;57.220001
2016-10-18;37.75;33.5;31.629999;57.66
2016-10-19;35.509998;32.91;31.59;57.529999
2016-10-20;35.43;32.720001;32.369999;57.25
2016-10-21;35.150002;32.110001;30.469999;59.66
2016-10-24;35.259998;32.139999;29.09;61.0
2016-10-25;35.099998;31.85;28.5600005;60.990002
2016-10-26;34.919998;31.84;28.030001;60.630001
2016-10-27;34.810001;31.530001;29.65;60.099998
2016-10-28;34.713334;31.49;30.17;59.869999
2016-10-31;34.616667;31.33;30.09;59.919998
2016-11-01;34.52;30.73;30.1;59.799999
2016-11-02;34.599998;31.370001;30.25;59.43
2016-11-03;33.93;31.4;30.33;59.209999
2016-11-04;33.610001;30.83;29.43;58.709999
2016-11-07;34.689999;30.74;29.5;60.419998
2016-11-08;34.740002;30.65;29.23;60.470001
2016-11-09;34.75;30.209999;28.790001;60.169998
2016-11-10;34.5;29.84;28.74;58.700001
2016-11-11;34.610001;30.110001;28.459999;59.02
2016-11-14;34.48;29.99;28.42;58.119999
2016-11-15;34.91;29.610001;28.780001;58.869999
2016-11-16;34.84;29.370001;29.15;59.650002
2016-11-17;34.8950005;29.700001;30.139999;60.639999
2016-11-18;34.950001;29.18;30.49;60.349998
2016-11-21;34.98;29.76;31.280001;60.860001
2016-11-22;35.48;30.18;31.9;61.119999
2016-11-23;35.200001;30.059999;32.0;60.400002
2016-11-25;35.439999;29.5;30.99;60.529999
2016-11-28;35.509998;29.57;31.18;60.610001
2016-11-29;35.310001;29.49;31.219999;61.09
2016-11-30;34.700001;29.07;30.83;60.259998
2016-12-01;33.759998;28.219999;30.290001;59.200001
2016-12-02;34.16;28.059999;29.610001;59.25
2016-12-05;34.389999;28.1099995;29.93;60.220001
2016-12-06;34.720001;28.16;30.65;59.950001
2016-12-07;35.5;28.610001;30.99;61.369999
2016-12-08;35.700001;29.16;31.34;61.009998
2016-12-09;35.759998;29.1400005;32.099998;61.970001
2016-12-12;35.970001;29.120001;32.09;62.169998
2016-12-13;36.799999;29.58;31.219999;62.98
2016-12-14;36.549999;28.82;30.35;62.68
2016-12-15;36.66333233333334;28.860001;29.360001;62.580002
2016-12-16;36.776665666666666;28.440001;27.110001;62.299999
2016-12-19;36.889999;28.84;26.040001;63.619999
2016-12-20;37.209999;28.665;26.41;63.540001
2016-12-21;37.0699995;28.49;25.73;63.540001
2016-12-22;36.93;28.35;24.610001;63.549999
2016-12-23;36.970001;28.459999;25.040001;63.240002
2016-12-27;37.07;28.379999;26.08;63.279999
2016-12-28;36.630001;28.280001;25.76;62.990002
2016-12-29;36.66;28.15;25.940001;62.900002
2016-12-30;36.27;28.220000499999998;25.950001;62.139999
2017-01-03;36.599998;28.290001;26.190001;62.580002
2017-01-04;36.41;28.58;26.16;62.299999
2017-01-05;36.349998;28.719999;26.08;62.299999
2017-01-06;36.48;28.959999;26.0;62.84
2017-01-09;36.610001;28.82;26.08;62.639999
2017-01-10;36.540001;29.530001;27.0;62.619999
2017-01-11;36.950001;30.440001;27.469999;63.189999
2017-01-12;36.709999;30.870001;27.6;62.610001
2017-01-13;36.790001;31.02;25.85;62.700001
2017-01-17;36.7749995;30.860001;26.120001;62.529999
2017-01-18;36.759998;30.709999;26.125;62.414998999999995
2017-01-19;36.57;30.4;26.129999;62.299999
2017-01-20;36.939999;30.5;25.76;62.740002
2017-01-23;36.77;30.43;25.969999;62.959999
2017-01-24;37.619999;30.49;25.959999;63.52
2017-01-25;37.59;30.790001;26.25;63.8949985
2017-01-26;37.560001;31.120001;25.809999;64.269997
2017-01-27;37.489999499999996;30.52;25.389999;65.779999
2017-01-30;37.419998;29.440001;25.41;65.129997
2017-01-31;36.82;29.8400005;24.73;64.3549995
2017-02-01;36.52;30.24;25.0;63.580002
2017-02-02;36.68;31.940001;25.09;63.169998
2017-02-03;36.52;31.66;26.700001;63.68
2017-02-06;36.27;31.940001;26.41;63.639999
2017-02-07;36.349998;32.110001;25.870001;63.43
2017-02-08;36.380001;31.83;25.870001;63.34
2017-02-09;35.459999;31.799999;26.040001;64.059998
2017-02-10;35.34;31.77;26.030001;64.0
2017-02-13;35.799999;31.68;25.809999;64.720001
2017-02-14;35.93;31.629999;25.52;64.57
2017-02-15;36.049999;31.57;24.77;64.529999
2017-02-16;36.41;31.299999;25.370001;64.519997
2017-02-17;36.48;31.34;25.67;64.620003
2017-02-21;36.52;31.23;25.57;64.489998
2017-02-22;36.07;31.309999;25.68;64.360001
2017-02-23;36.18;31.24;25.59;64.620003
2017-02-24;36.529999;30.93;26.190001;64.620003
2017-02-27;36.509998;30.77;26.35;64.230003
2017-02-28;36.200001;31.150000499999997;26.110001;63.98
2017-03-01;35.93;31.530001;25.82;64.940002
2017-03-02;35.91;31.41;25.07;64.010002
2017-03-03;35.900002;31.559999;26.040001;64.25
2017-03-06;35.57;31.18;26.74;64.325001
2017-03-07;35.799999;30.85;27.66;64.400002
2017-03-08;35.619999;30.835;27.26;64.989998
2017-03-09;35.82;30.82;26.860001;64.730003
2017-03-10;35.91;31.709999;26.85;64.93
2017-03-13;35.16;31.9;27.16;64.709999
2017-03-14;35.18;31.459999;27.0;64.410004
2017-03-15;35.099998;31.690001;27.4;64.75
2017-03-16;35.139999;31.889999;27.74;64.639999
2017-03-17;35.27;32.09;29.049999;64.870003
2017-03-20;35.43;32.130001;29.41;64.93
2017-03-21;35.040001;31.76;29.040001;64.209999
2017-03-22;35.369999;31.98;30.959999;65.029999
2017-03-23;35.27;31.780001;30.5;64.870003
2017-03-24;35.16;32.1350015;30.219999;64.980003
2017-03-27;35.389999;32.490002;30.459999;65.099998
2017-03-28;35.599998;32.459999;29.76;65.290001
2017-03-29;35.57;33.150002;29.870001;65.470001
2017-03-30;35.75;33.48;29.15;65.709999
2017-03-31;36.07;33.73;29.02;65.860001
2017-04-03;36.16;33.02;29.959999;65.550003
2017-04-04;36.279999;33.130001;29.299999;65.730003
2017-04-05;36.220001;32.759998;29.299999;65.559998
2017-04-06;36.029999;32.209999;29.790001;65.730003
2017-04-07;36.029999;32.080002;29.16;65.68
2017-04-10;35.799999;31.93;29.02;65.529999
2017-04-11;35.740002;31.85;29.1;65.480003
2017-04-12;35.630001;31.48;29.139999;65.230003
2017-04-13;35.25;31.32;29.799999;64.949997
2017-04-17;35.48;31.84;30.459999;65.480003
2017-04-18;35.77;31.68;30.59;65.389999
2017-04-19;35.91;31.969999;31.35;65.040001
2017-04-20;36.114999999999995;32.830002;30.91;65.5
2017-04-21;36.32;33.68;30.92;66.400002
2017-04-24;36.75;33.82;31.1;67.529999
2017-04-25;36.869999;33.650002;31.65;67.919998
2017-04-26;36.93;33.580002;31.049999;67.830002
2017-04-27;37.43;33.720001;30.0;68.269997
2017-04-28;36.150002;34.52;31.68;68.459999
2017-05-01;36.310001;34.68;31.65;69.410004
2017-05-02;36.970001;34.740002;31.559999;69.300003
2017-05-03;36.98;34.610001;31.59;69.080002
2017-05-04;36.849998;34.59;31.67;68.809998
2017-05-05;36.82;34.779999;32.240002;69.0
2017-05-08;36.5949995;35.16;32.049999;68.940002
2017-05-09;36.369999;35.41;31.74;69.125
2017-05-10;36.009998;35.599998;32.419998;69.309998
2017-05-11;35.689999;35.59;32.389999;68.459999
2017-05-12;35.529999;35.4750005;32.380001;68.379997
2017-05-15;35.630001;35.360001;32.810001;68.43
2017-05-16;35.82;35.470001;33.029999;69.410004
2017-05-17;35.040001;35.360001;33.439999;67.480003
2017-05-18;35.220001;35.32;34.040001;67.709999
2017-05-19;35.400002;35.66;34.150002;67.690002
2017-05-22;35.6300015;35.529999;34.290001;68.449997
2017-05-23;35.860001;35.549999;34.790001;68.68
2017-05-24;36.119999;36.02;35.549999;68.769997
2017-05-25;36.259998;36.35;35.950001;69.620003
2017-05-26;36.259998;36.68;37.549999;69.959999
2017-05-30;36.18;36.48;38.18;70.410004
2017-05-31;36.110001;36.619999;37.830002;69.839996
2017-06-01;36.119999;36.509998;37.07;70.099998
2017-06-02;36.32;37.75;37.84;71.760002
2017-06-05;36.34;37.669998;39.09;72.279999
2017-06-06;36.130001;38.130001;40.209999;72.519997
2017-06-07;36.259998;37.84;38.91;72.23499699999999
2017-06-08;36.48;37.889999;39.099998;71.949997
2017-06-09;35.709999;36.970001;38.43;70.32
2017-06-12;35.73;37.049999;38.630001;69.779999
2017-06-13;35.880001;36.950001;39.25;70.02499800000001
2017-06-14;35.529999;37.060001;39.630001;70.269997
2017-06-15;35.310001;37.43;40.549999;70.1349985
2017-06-16;35.209999;37.330002;40.490002;70.0
2017-06-19;35.509998;38.639999;41.529999;70.870003
2017-06-20;34.860001;38.16;41.68;69.910004
2017-06-21;34.580002;38.139999;41.610001;70.269997
2017-06-22;34.360001;38.41;42.049999;70.260002
2017-06-23;34.189999;38.52;43.209999;71.209999
2017-06-26;34.07;38.68;44.25;70.529999
2017-06-27;33.650002;38.57;43.84;69.209999
2017-06-28;34.200001;38.869999;42.669998;69.800003
2017-06-29;33.540001;38.279999;41.959999;68.489998
2017-06-30;33.740002;38.189999;41.82;68.93
2017-07-03;33.459999;38.189999;40.700001;68.169998
2017-07-05;34.34;37.93;39.130001;69.080002
2017-07-06;33.630001;37.540001;38.369999;68.57
2017-07-07;33.880001;37.790001;39.049999;69.459999
2017-07-10;33.650002;38.150002;40.110001;69.980003
2017-07-11;33.919998;38.849998;39.450001;69.989998
2017-07-12;34.25;39.73;39.990002;71.150002
2017-07-13;34.240002;39.799999;39.869999;71.9650005
2017-07-14;34.68;40.220001;39.830002;72.779999
2017-07-17;34.470001;40.130001;39.419998;73.349998
2017-07-18;34.529999;40.369999;40.679998499999996;73.300003
2017-07-19;34.560001;40.560001;41.939999;73.860001
2017-07-20;34.75;40.630001;41.824999000000005;73.825001
2017-07-21;34.73;40.810001;41.709999;73.790001
2017-07-24;34.5;40.610001;40.830002;73.599998
2017-07-25;34.669998;40.18;39.380001;74.190002
2017-07-26;34.75;40.799999;41.740002;74.050003
2017-07-27;34.970001;41.290001;42.349998;73.160004
2017-07-28;35.310001;40.970001;42.389999;73.040001
2017-07-31;35.470001;41.07;42.459999;72.699997
2017-08-01;36.349998;40.709999;42.07;72.580002
2017-08-02;36.639999;39.810001;42.360001;72.260002
2017-08-03;36.490002;40.200001;42.380001;72.470001
2017-08-04;36.299999;40.34;42.450001;72.68
2017-08-07;36.43;39.990002;42.869999;72.400002
2017-08-08;36.510000000000005;40.005001;42.93;72.790001
2017-08-09;36.59;40.02;42.259998;72.470001
2017-08-10;36.139999;38.880001;40.610001;71.410004
2017-08-11;35.869999;39.0;41.099998;72.5
2017-08-14;36.34;39.150002;41.07;73.589996
2017-08-15;36.0;38.919998;41.419998;73.220001
2017-08-16;35.810001;39.389999;41.630001;73.650002
2017-08-17;35.169998;39.0;41.209999;72.400002
2017-08-18;35.009998;38.77;41.0649985;72.489998
2017-08-21;34.919998;38.5;40.919998;72.150002
2017-08-22;34.650002;38.709999;41.419998;73.160004
2017-08-23;34.66;38.810001;41.099998;72.720001
2017-08-24;34.709999;38.189999;41.099998;72.690002
2017-08-25;34.669998;38.5;41.6599995;72.82
2017-08-28;34.650002;38.48;42.220001;72.830002
2017-08-29;34.73;38.639999;41.799999;73.050003
2017-08-30;34.889999;39.135000000000005;41.400002;74.010002
2017-08-31;35.07;39.630001;41.630001;74.769997
2017-09-01;35.09;39.720001;41.860001;73.940002
2017-09-05;35.02;39.5250015;41.150002;73.610001
2017-09-06;35.759998;39.330002;41.099998;73.400002
2017-09-07;35.540001;39.43;40.900002;74.339996
2017-09-08;35.189999;39.93;41.560001;73.980003
2017-09-11;35.77;40.349998;42.240002;74.760002
2017-09-12;36.09;40.18;43.049999;74.68
2017-09-13;36.330002;39.740002;42.599998;75.209999
2017-09-14;36.48;38.360001;43.040001;74.769997
2017-09-15;37.0;38.66;44.59;75.309998
2017-09-18;37.0;38.389999;44.080002;75.160004
2017-09-19;37.23;37.66;46.75;75.440002
2017-09-20;37.07;37.759998;47.700001;74.940002
2017-09-21;37.200001;37.459999;46.599998;74.209999
2017-09-22;37.18;37.5;45.764999;74.410004
2017-09-25;37.16;36.970001;44.93;73.260002
2017-09-26;37.470001;36.459999;45.009998;73.260002
2017-09-27;37.540001;36.490002;45.490002;73.849998
2017-09-28;37.830002;36.720001;46.009998;73.870003
2017-09-29;38.080002;37.34;45.950001;74.489998
2017-10-02;39.040001;37.32;46.150002;74.610001
2017-10-03;39.380001;37.4249995;46.48;74.260002
2017-10-04;39.34;37.529999;46.75;74.690002
2017-10-05;39.529999;36.959999;48.049999;75.970001
2017-10-06;39.630001;37.080002;48.669998;76.0
2017-10-09;39.860001;37.040001;48.470001;76.290001
2017-10-10;39.650002;36.709999;48.279999;76.290001
2017-10-11;39.299999;36.619999;49.139999;76.419998
2017-10-12;39.189999;36.32;48.32;77.120003
2017-10-13;39.669998;36.82;49.599998;77.489998
2017-10-16;39.759998;37.049999;49.68;77.650002
2017-10-17;39.790001;36.950001;48.68;77.63000149999999
2017-10-18;39.9400005;37.459999;47.529999;77.610001
2017-10-19;40.09;37.439999;48.029999;77.910004
2017-10-20;40.43;37.549999;48.299999;78.809998
2017-10-23;40.830002;37.509998;48.5;78.830002
2017-10-24;40.950001;37.700001;48.709999;78.860001
2017-10-25;40.779999;37.16;47.5;78.629997
2017-10-26;41.349998;37.860001;46.77;78.760002
2017-10-27;44.400002;37.830002;47.66;83.809998
2017-10-30;44.369999;38.849998;50.880001;83.494999
2017-10-31;45.539999;43.41;49.1900005;83.18
2017-11-01;46.709999;43.540001;47.5;83.18
2017-11-02;47.099998;44.889999;47.200001;84.050003
2017-11-03;46.34;44.810001;47.220001;84.139999
2017-11-06;46.700001;45.869999;46.790001;84.470001
2017-11-07;46.779999;46.009998;46.91;84.269997
2017-11-08;46.700001;47.470001;47.939999;84.559998
2017-11-09;46.299999;45.889999;46.799999;84.089996
2017-11-10;45.580002;46.220001;48.43;83.870003
2017-11-13;45.75;46.080002;48.669998;83.960003
2017-11-14;45.860001;46.049999;49.400002;84.050003
2017-11-15;45.459999;45.240002;47.73;82.980003
2017-11-16;45.650002;46.099998;49.779999;83.199997
2017-11-17;44.630001;46.169998;49.650002;82.400002
2017-11-20;44.619999;46.6399995;50.060001;82.529999
2017-11-21;44.939999;47.110001;49.830002;83.720001
2017-11-22;44.650002;47.220001;50.549999;83.110001
2017-11-24;44.75;47.889999;51.994999;83.260002
2017-11-27;44.490002;48.02;53.439999;83.870003
2017-11-28;44.73;48.299999;52.1700005;84.879997
2017-11-29;43.950001;47.369999;50.900002;83.339996
2017-11-30;44.84;46.799999;50.98;84.169998
2017-12-01;44.68;45.560001;50.259998;84.260002
2017-12-04;44.490002;45.779999;48.52;81.080002
2017-12-05;43.439999;45.869999;48.4549995;81.589996
2017-12-06;43.450001;44.91;48.389999;82.779999
2017-12-07;43.3999995;45.75;49.84;82.489998
2017-12-08;43.349998;45.790001;48.299999;84.160004
2017-12-11;43.66;44.900002;48.98;85.230003
2017-12-12;43.330002;44.630001;48.029999;85.580002
2017-12-13;43.34;44.650002;48.73;85.349998
2017-12-14;43.259998;44.450001;48.494999;84.690002
2017-12-15;44.560001;44.84;48.259998;86.849998
2017-12-18;46.259998;45.73;47.939999;86.379997
2017-12-19;47.040001;45.34;47.060001;85.830002
2017-12-20;47.560001;45.029999;46.34;85.519997
2017-12-21;46.759998;45.41;46.630001;85.5
2017-12-22;46.700001;45.68;46.68;85.510002
2017-12-26;46.080002;45.469999;45.779999;85.400002
2017-12-27;46.1500015;45.259998;46.400002;85.709999
2017-12-28;46.220001;45.290001;45.400002;85.720001
2017-12-29;46.16;44.950001;45.07;85.540001
2018-01-02;46.849998;45.790001;45.900002;85.949997
2018-01-03;45.259998;46.299999;46.939999;86.349998
2018-01-04;44.43;47.25;48.540001;87.110001
2018-01-05;44.740002;48.700001;47.43;88.190002
2018-01-08;44.740002;49.0;47.57;88.279999
2018-01-09;43.619999;49.549999;48.4699995;88.220001
2018-01-10;42.5;49.779999;49.369999;87.82
2018-01-11;43.41;50.279999;49.709999;88.080002
2018-01-12;43.240002;50.029999;50.400002;89.599998
2018-01-16;43.139999;49.9249995;49.98;88.349998
2018-01-17;44.389999;49.82;51.529999;90.139999
2018-01-18;44.48;49.169998;52.689999;90.099998
2018-01-19;44.82;49.9849985;54.700001;90.0
2018-01-22;45.75;50.799999;54.830002;91.610001
2018-01-23;46.060001;50.419998;55.900002;91.900002
2018-01-24;45.509998;49.150002;55.07;91.82
2018-01-25;45.299999;48.400002;54.82;92.330002
2018-01-26;50.080002;49.48;56.009998;94.059998
2018-01-29;49.98;47.869999;54.73;93.919998
2018-01-30;48.790001;47.904999000000004;53.380001;92.739998
2018-01-31;48.139999;47.939999;57.080002;95.010002
2018-02-01;47.650002;49.150002;54.800001;94.260002
2018-02-02;46.150002;51.990002;52.52;91.779999
2018-02-05;44.52;49.0;51.490002;88.0
2018-02-06;44.91;50.77;52.450001;91.330002
2018-02-07;45.200001;50.119999;51.650002;89.610001
2018-02-08;42.75;46.959999;50.945002;85.010002
2018-02-09;43.950001;47.049999;50.240002;88.18
2018-02-12;44.830002;48.27;51.25;89.129997
2018-02-13;44.459999;47.220001;51.790001;89.9699975
2018-02-14;45.380001;48.59;52.82;90.809998
2018-02-15;45.919998;48.810001;54.049999;92.660004
2018-02-16;46.119999;49.549999;54.150002;92.0
2018-02-20;46.32;49.41;54.25;92.720001
2018-02-21;45.939999;49.5;55.310001;91.489998
2018-02-22;45.799999;49.864999999999995;55.200001;91.730003
2018-02-23;47.73;50.23;56.91;94.059998
2018-02-26;49.110001;50.919998;56.8850005;95.419998
2018-02-27;49.91;50.27;56.860001;94.199997
2018-02-28;49.290001;50.459999;57.049999;93.769997
2018-03-01;47.84;48.720001;55.299999;92.849998
2018-03-02;48.98;49.68;57.439999;93.050003
2018-03-05;49.8449995;50.529999;55.48;93.639999
2018-03-06;50.709999;50.709998999999996;56.52;93.32
2018-03-07;51.32;50.889999;55.450001;93.860001
2018-03-08;50.740002;51.279999;56.849998;94.43
2018-03-09;52.189999;51.400002;57.299999;96.540001
2018-03-12;51.52;50.009998;56.599998;96.769997
2018-03-13;51.779999;50.07;56.639999;94.410004
2018-03-14;51.860001;50.950001;56.5;93.849998
2018-03-15;50.880001;51.34;57.900002;94.18
2018-03-16;51.169998;50.639999;57.709999;94.599998
2018-03-19;50.830002;48.34;56.400002;93.8649975
2018-03-20;51.549999;48.830002;57.049999;93.129997
2018-03-21;51.560001;48.689999;57.02;92.480003
2018-03-22;50.830002;48.130001;56.5;89.790001
2018-03-23;49.360001;47.889999;56.25;87.18
2018-03-26;52.48;48.669998;55.799999;93.779999
2018-03-27;51.189999;48.375;55.349998;89.470001
2018-03-28;49.599998;48.080002;54.41;89.389999
2018-03-29;52.080002;48.34;55.509998;91.269997
2018-04-02;48.919998;47.990002;55.110001;88.519997
2018-04-03;49.75;48.84;54.790001;89.709999
2018-04-04;49.990002;48.970001;53.630001;89.88333366666666
2018-04-05;50.380001;49.150002;53.029999;90.05666833333333
2018-04-06;48.790001;48.439999;51.779999;90.230003
2018-04-09;49.549999;48.57;52.91;90.769997
2018-04-10;51.27;49.75;52.73;92.879997
2018-04-11;51.099998;49.349998;52.7549995;91.860001
2018-04-12;52.720001;49.139999;52.779999;93.580002
2018-04-13;51.860001;48.889999;52.43;93.080002
2018-04-16;52.400002;49.349998;51.849998;94.169998
2018-04-17;53.540001;49.77;51.68;96.07
2018-04-18;53.610001;50.459999;51.810001;96.440002
2018-04-19;52.220001;49.73;51.200001;96.110001
2018-04-20;51.529999;49.759998;53.27;95.0
2018-04-23;51.099998;49.41;53.450001;95.349998
2018-04-24;51.239999499999996;49.389999;52.02;93.120003
2018-04-25;51.380001;49.580002;52.849998;92.309998
2018-04-26;53.049999;50.18;51.560001;94.260002
2018-04-27;52.73;45.5;52.43;95.82
2018-04-30;51.619999;45.830002;52.48;93.519997
2018-05-01;53.330002;46.349998;53.0;93.5149995
2018-05-02;52.8050005;46.66;52.02;93.510002
2018-05-03;52.279999;47.099998;52.57;94.07
2018-05-04;52.779999;47.57;53.41;95.1450005
2018-05-07;53.330002;47.439999;53.529999;96.220001
2018-05-08;53.630001;47.389999;54.419998;95.809998
2018-05-09;54.34;47.310001;53.150002;96.940002
2018-05-10;54.98;46.880001;52.150002;97.910004
2018-05-11;54.669998;48.080002;52.650002;97.699997
2018-05-14;54.900002;48.34;52.259998;98.029999
2018-05-15;53.919998;48.08;52.009998;97.32
2018-05-16;54.639999;47.82;52.18;97.150002
2018-05-17;54.810001;48.799999;52.5;96.75500149999999
2018-05-18;53.5;48.599998;51.169998;96.360001
2018-05-21;54.32;48.389999;49.91;97.599998
2018-05-22;54.450001;47.060001;49.759998;97.5
2018-05-23;55.209999;46.470001;49.200001;98.660004
2018-05-24;54.75;46.459999;47.919998;98.309998
2018-05-25;55.439999;46.400002;48.240002;98.360001
2018-05-29;55.32;46.599998;48.400002;98.010002
2018-05-30;55.68;47.209999;51.34;98.424999
2018-05-31;55.200001;47.09;51.040001;98.839996
2018-06-01;57.080002;47.669998;50.049999;100.790001
2018-06-04;56.830002;49.080002;47.049999;101.669998
2018-06-05;56.529999;49.310001;46.77;102.190002
2018-06-06;57.029999;50.18;45.09;102.489998
2018-06-07;55.880001;50.0699995;46.30500000000001;100.879997
2018-06-08;55.049999;49.959999;47.52;101.629997
2018-06-11;54.52;50.5;47.630001;101.050003
2018-06-12;54.82;49.849998;47.080002;101.309998
2018-06-13;55.029999;49.82;44.330002;101.364998
2018-06-14;55.540001;49.130001;42.560001;101.419998
2018-06-15;55.110001;49.119999;42.990002;100.129997
2018-06-18;53.220001;48.369999;41.650002;100.494999
2018-06-19;52.93;48.240002;40.880001;100.860001
2018-06-20;53.459999;49.560001;41.75;101.870003
2018-06-21;52.189999;49.220001;41.259998;101.139999
2018-06-22;52.5;50.369999;41.439999;99.764999
2018-06-25;50.709999;49.529999;40.709999;98.389999
2018-06-26;49.669998;50.0;40.98;99.080002
2018-06-27;48.759998;50.290001;39.93;97.540001
2018-06-28;49.25;51.700001;41.02;98.629997
2018-06-29;49.709999;51.259998;40.790001;98.610001
2018-07-02;50.200001;50.939999;40.259998;100.010002
2018-07-03;49.470001;50.970001;40.759998;99.050003
2018-07-05;50.42;49.060001;39.57;99.760002
2018-07-06;51.369999;49.580002;40.2549995;101.160004
2018-07-09;51.860001;51.610001;40.939999;101.849998
2018-07-10;52.16;51.68;40.009998;102.120003
2018-07-11;51.200001;51.959999;39.689999;101.980003
2018-07-12;52.349998;52.209999;39.98;104.190002
2018-07-13;52.220001;52.7399995;40.330002;105.43
2018-07-16;52.009998;53.27;42.040001;104.910004
2018-07-17;51.75;53.630001;41.799999;105.949997
2018-07-18;51.720001;53.07;40.779999;105.120003
2018-07-19;51.98;52.630001;41.43;104.400002
2018-07-20;51.91;52.950001;41.580002;106.269997
2018-07-23;52.045;53.150002;40.900002;107.970001
2018-07-24;52.18;52.669998;41.599998;107.660004
2018-07-25;52.43;53.66;42.150002;110.830002
2018-07-26;52.16;53.530001;42.18;109.620003
2018-07-27;47.68;53.400002;42.299999;107.68
2018-07-30;47.689999;52.34;41.200001;105.370003
2018-07-31;48.099998;54.02;42.669998;106.080002
2018-08-01;48.810001;55.0;43.779999;106.279999
2018-08-02;49.48;55.279999;43.099998;107.57
2018-08-03;49.3899995;54.959999;43.259998;108.040001
2018-08-06;49.299999;55.254999;42.625;108.45999900000001
2018-08-07;49.629999;55.549999;41.990002;108.879997
2018-08-08;49.959999;54.790001;41.580002;109.489998
2018-08-09;50.139999;55.389999;41.91;109.669998
2018-08-10;48.849998;54.779998500000005;40.91;109.0
2018-08-13;48.450001;54.169998;40.529999;108.209999
2018-08-14;48.119999;53.9399985;40.32;109.559998
2018-08-15;47.459999;53.709999;38.919998;107.660004
2018-08-16;47.169998;53.84;39.07;107.39667033333333
2018-08-17;47.099998;54.869999;40.3899995;107.13333666666666
2018-08-20;46.5;54.59;41.709999;106.870003
2018-08-21;47.619999;54.419998;42.169998;105.980003
2018-08-22;47.049999;54.619999;42.700001;107.059998
2018-08-23;47.3549995;54.41;42.080002;107.559998
2018-08-24;47.66;54.540001;42.700001;108.400002
2018-08-27;48.349998;56.02;43.125;109.599998
2018-08-28;48.57;55.77;43.549999;110.260002
2018-08-29;48.75;57.07;44.09;112.019997
2018-08-30;48.240002;56.68;44.740002;111.949997
2018-08-31;48.43;56.830002;44.950001;112.330002
2018-09-04;47.959999;56.18;44.32;111.709999
2018-09-05;47.720001;55.5;43.389999;108.489998
2018-09-06;47.259998;56.360001;43.049999;108.739998
2018-09-07;46.450001;56.529999;43.48;108.209999
2018-09-10;46.299999;56.68;43.549999;109.379997
2018-09-11;44.93;56.849998;44.02;111.239998
2018-09-12;44.93;57.470001;44.509998;112.075001
2018-09-13;45.57;57.759998;43.554998;112.910004
2018-09-14;45.540001;59.439999;42.599998;113.370003
2018-09-17;45.419998;59.635000500000004;42.73;113.29000099999999
2018-09-18;46.099998;59.830002;44.119999;113.209999
2018-09-19;46.6499995;59.0;44.639999;111.699997
2018-09-20;47.200001;59.099998;46.150002;113.57
2018-09-21;47.0550005;57.0;46.209999;114.260002
2018-09-24;46.91;56.849998;45.830002;114.669998
2018-09-25;45.91;58.1499995;46.119999;114.58333333333334
2018-09-26;45.700001;59.450001;45.720001;114.49666866666666
2018-09-27;45.880001;59.529999;45.549999;114.410004
2018-09-28;47.290001;60.650002;45.470001;114.370003
2018-10-01;47.78;60.580002;46.360001;115.610001
2018-10-02;48.269999;59.82;46.32;115.150002
2018-10-03;48.759998;58.32;45.260000500000004;115.169998
2018-10-04;48.130001;57.775;44.200001;112.790001
2018-10-05;47.029999;57.23;45.150002;112.129997
2018-10-08;47.029999;57.07;44.869999;110.849998
2018-10-09;46.549999;57.970001;44.400002;112.260002
2018-10-10;44.799999;56.7450005;43.150002;106.160004
2018-10-11;44.23;55.52;42.790001;105.910004
2018-10-12;44.880001;55.509998;44.099998;106.755001
2018-10-15;44.529999;56.25;43.599998;107.599998
2018-10-16;45.939999;57.5;44.560001;109.1549985
2018-10-17;45.889999;57.900002;44.099998;110.709999
2018-10-18;44.970001;56.029999;43.43;108.5
2018-10-19;44.0;55.669998;41.75;108.660004
2018-10-22;45.009998;55.779999;41.93;109.629997
2018-10-23;44.5;55.07;41.650002;108.099998
2018-10-24;42.419998;53.080002;40.080002;102.32
2018-10-25;44.310001;53.48;40.18;108.300003
2018-10-26;45.689999;52.41;38.880001;106.959999
2018-10-29;45.400002;51.0;38.139999;103.849998
2018-10-30;47.759998;53.43;37.400002;103.730003
2018-10-31;46.880001;54.130001;39.130001;106.809998
2018-11-01;46.995001;55.66;39.389999;105.919998
2018-11-02;47.110001;53.66;39.240002;106.160004
2018-11-05;47.1800005;53.32;38.709999;107.510002
2018-11-06;47.25;53.5;38.900002;107.720001
2018-11-07;48.720001;55.259998;40.310001;111.959999
2018-11-08;48.990002;54.41;40.830002;111.75
2018-11-09;48.110001;54.07;40.099998;109.57
2018-11-12;46.650002;51.529999;38.91;106.870003
2018-11-13;47.389999;51.240002;38.73;106.940002
2018-11-14;47.09;51.139999;38.625;104.970001
2018-11-15;48.110001;51.650002;38.52;107.279999
2018-11-16;48.830002;50.810001;36.0;108.290001
2018-11-19;48.0;50.990002;34.9750005;104.620003
2018-11-20;47.389999;49.529999;33.950001;101.709999
2018-11-21;47.029999;50.52;34.82;103.110001
2018-11-23;46.540001;49.689999;35.029999;103.07
2018-11-26;47.450001;51.02;36.189999;106.470001
2018-11-27;48.07;51.965;36.099998;108.795002
2018-11-28;48.860001;52.91;37.5;111.120003
2018-11-29;47.700001;51.880001;38.380001;110.190002
2018-11-30;49.310001;52.82;37.869999;110.889999
2018-12-03;50.130001;54.169998;38.400002;112.089996
2018-12-04;47.75;51.509998;35.720001;108.519997
2018-12-06;48.369999;51.860001;35.599998;109.190002
2018-12-07;46.240002;51.130001;35.889999;104.82
2018-12-10;47.209999;51.110001;36.299999;107.589996
2018-12-11;47.380001;51.150002;35.860001;108.589996
2018-12-12;47.830002;52.619999;35.900002;109.080002
2018-12-13;48.290001;52.200001;35.970001;109.449997
2018-12-14;47.860001;51.290001;35.130001;106.029999
2018-12-17;47.080002;50.5;34.73;102.889999
2018-12-18;47.740002;49.389999;34.490002;103.970001
2018-12-19;45.57;48.759998;32.759998;103.690002
2018-12-20;45.540001;48.27;33.919998;101.510002
2018-12-21;44.84;46.73;31.91;98.230003
2018-12-24;43.59;45.880001;31.530001;94.129997
2018-12-26;46.189999;47.205;32.700001;100.559998
2018-12-27;46.360001;48.529999;32.900002;101.18
2018-12-28;46.75;48.139999;32.959999;100.389999
2018-12-31;46.93;48.279999;33.244999;101.57
2019-01-02;47.080002;48.720001;33.529999;101.120003
2019-01-03;44.490002;47.02;33.25;97.400002
2019-01-04;47.220001;49.209999;33.650002;101.93
2019-01-07;47.439999;49.720001;34.195002;102.059998
2019-01-08;47.740002;49.8250005;34.740002;102.800003
2019-01-09;48.009998;49.93;35.5;104.269997
2019-01-10;48.560001;49.455;34.889999;103.599998
2019-01-11;48.93;48.98;34.84;102.800003
2019-01-14;48.349998;48.419998;35.52;102.050003
2019-01-15;48.599998;49.84;36.720001;105.010002
2019-01-16;48.130001;49.610001;36.720001;105.379997
2019-01-17;48.470001;49.509998;38.099998;106.120003
2019-01-18;49.189999;50.18;39.25;107.709999
2019-01-22;48.27;48.470001;38.02;105.68
2019-01-23;47.939999;48.459999;38.290001;106.709999
2019-01-24;49.759998;48.369999;38.495001;106.199997
2019-01-25;47.040001;48.6000005;38.700001;105.63999949999999
2019-01-28;46.709999;48.830002;37.0;105.080002
2019-01-29;46.540001;48.779999;38.16;102.940002
2019-01-30;47.540001;49.200001;38.700001;106.379997
2019-01-31;47.119999;50.119999;37.240002;104.43
2019-02-01;48.73;46.150002;35.419998;102.779999
2019-02-04;49.220001;46.290001;36.73;105.739998
2019-02-05;50.009998;45.860001;35.84;105.8849985
2019-02-06;49.900002;44.220001;33.529999;106.029999
2019-02-07;49.23;43.060001;33.259998;105.269997
2019-02-08;48.84;44.290001;32.880001;105.669998
2019-02-11;48.77;44.59;32.610001;106.2799985
2019-02-12;50.009998;44.279999;33.210001;106.889999
2019-02-13;50.470001;45.060001;33.810001;106.809998
2019-02-14;50.810001;45.119999;33.700001;106.900002
2019-02-15;51.66;45.790001;33.66;108.220001
2019-02-19;51.400002;46.220001;33.360001;108.169998
2019-02-20;51.389999;46.880001;33.349998;107.150002
2019-02-21;51.41;47.385000000000005;34.939999;109.410004
2019-02-22;52.490002;47.889999;35.540001;110.970001
2019-02-25;53.099998;48.459999;34.400002;111.589996
2019-02-26;53.23;48.189999;34.77;112.360001
2019-02-27;53.240002;48.0900005;35.580002;112.169998
2019-02-28;52.959999;47.990002;34.25;112.029999
2019-03-01;53.449999000000005;47.889999;34.669998;112.529999
2019-03-04;53.939999;47.619999;34.3599985;112.260002
2019-03-05;53.68;47.66;34.049999;111.699997
2019-03-06;53.139999;47.529999;34.650002;111.75
2019-03-07;52.599998;46.400002;33.810001;110.389999
2019-03-08;52.48;45.950001;33.400002;110.510002
2019-03-11;53.349998;46.099998;33.779999;112.830002
2019-03-12;53.57;46.310001;34.290001;113.620003
2019-03-13;54.369999;46.66;34.869999;114.5
2019-03-14;53.439999;46.119999;33.950001;114.589996
2019-03-15;54.330002;46.25;34.92;115.910004
2019-03-18;54.099998;46.080002;35.889999;117.57
2019-03-19;54.169998;45.529999;35.119999;117.650002
2019-03-20;53.82;43.279999;34.099998;117.519997
2019-03-21;54.639999;44.009998;34.43;120.220001
2019-03-22;53.259998;42.029999;34.099998;117.050003
2019-03-25;53.3499985;42.150002;34.93;117.660004
2019-03-26;53.439999;42.73;36.25;117.910004
2019-03-27;53.16;42.790001;36.0;116.769997
2019-03-28;53.110001;42.853334;36.139999;116.93
2019-03-29;53.700001;42.916667;35.869999;117.9749985
2019-04-01;54.509998;42.98;36.119999;119.019997
2019-04-02;54.360001;42.169998;35.959999;119.190002
2019-04-03;55.48;42.389999;36.57;119.970001
2019-04-04;55.539998999999995;42.52;36.450001;119.360001
2019-04-05;55.599998;44.559999000000005;37.369999;119.889999
2019-04-08;55.68;46.599998;36.689999;119.93
2019-04-09;55.32;46.189999;37.080002;119.279999
2019-04-10;55.75;46.080002;37.029999;120.190002
2019-04-11;55.799999;46.25;36.75;120.330002
2019-04-12;56.419998;46.990002;37.950001;120.949997
2019-04-15;56.279999;47.470001499999995;37.970001;121.050003
2019-04-16;56.709999;47.950001;38.279999;120.769997
2019-04-17;58.560001;47.740002;38.720001;121.769997
2019-04-18;58.490002;47.860001;40.83;123.370003
2019-04-22;58.82;47.610001;42.939999;123.760002
2019-04-23;58.779999;48.299999;41.41;125.440002
2019-04-24;58.19499999999999;46.459999;42.200001;125.010002
2019-04-25;57.610001;46.66;40.25;129.149994
2019-04-26;52.43;50.240002;41.8150005;129.889999
2019-04-29;51.110001;50.25;43.380001;129.770004
2019-04-30;51.040001;50.369999;43.080002;128.8250005
2019-05-01;50.759998;51.360001;43.009998;127.879997
2019-05-02;51.254999;51.31333433333333;42.939999;126.209999
2019-05-03;51.75;51.26666766666667;43.540001;128.899994
2019-05-06;51.220001;51.220001;43.360001;128.149994
2019-05-07;50.48;48.889999;41.740002;125.519997
2019-05-08;49.240002;48.75;42.459999;125.510002
2019-05-09;46.619999;48.75;42.02;125.5
2019-05-10;46.200001;49.700001;42.630001;127.129997
2019-05-13;44.759998;48.029999;41.34;123.349998
2019-05-14;45.169998;48.439999;42.639999;124.730003
2019-05-15;45.619999;49.939999;43.060001;126.019997
2019-05-16;45.529999;52.0;42.400002;128.929993
2019-05-17;44.889999;52.610001;42.400002;128.070007
2019-05-20;43.560001;51.81999999999999;42.77;126.220001
2019-05-21;44.459999;51.029999;43.189999;126.900002
2019-05-22;44.0;50.490002;43.25;127.669998
2019-05-23;44.529999;48.34;43.419998;126.18
2019-05-24;44.57;48.98;44.610001;126.239998
2019-05-28;43.57;49.169998;44.139999;126.160004
2019-05-29;44.23;48.23;44.150002;124.940002
2019-05-30;44.73;48.529999;43.779999;125.730003
2019-05-31;44.040001;48.0;44.139999;123.68
2019-06-03;43.459999;47.779999;44.2350005;119.839996
2019-06-04;44.790001;48.130001;44.330002;123.160004
2019-06-05;44.549999;48.110001;44.700001;125.830002
2019-06-06;45.099998;47.450001;44.639999;127.82
2019-06-07;45.9499985;48.860001;45.014999;131.399994
2019-06-10;46.799999;49.619999;45.389999;132.600006
2019-06-11;46.849998;49.82;44.290001;132.100006
2019-06-12;46.32;49.380001;43.099998;131.490005
2019-06-13;46.700001;49.669998;43.060001;132.320007
2019-06-14;46.189999;51.330002;43.1200005;132.449997
2019-06-17;46.130001;51.7700005;43.18;132.850006
2019-06-18;47.369999;52.209999;44.200001;135.160004
2019-06-19;47.279999000000004;52.98;44.58;135.690002
2019-06-20;47.189999;53.939999;44.959999;136.949997
2019-06-21;47.459999;53.240002;44.610001;137.364998
2019-06-24;47.630001;53.150002;44.509998;137.779999
2019-06-25;46.849998;52.549999;44.080002;133.429993
2019-06-26;48.189999;52.459999;44.0;133.929993
2019-06-27;47.459999;52.700001;45.459999;134.149994
2019-06-28;47.869999;53.205;45.77;133.960007
2019-07-01;48.049999;53.709999;46.290001;135.679993
2019-07-02;48.119999;53.68;46.23;136.580002
2019-07-03;48.52;54.720001;47.119999;137.460007
2019-07-05;48.080002;55.029999;46.77;137.059998
2019-07-08;47.82;54.66;46.639999;136.960007
2019-07-09;47.75;54.380001;46.41;136.460007
2019-07-10;48.209999;54.779999;48.0;137.850006
2019-07-11;48.599998;55.02;48.310001;138.399994
2019-07-12;49.919998;55.77;48.23;138.899994
2019-07-15;50.119999;55.77;48.110001;138.899994
2019-07-16;49.169998;53.990002;47.650002;137.080002
2019-07-17;49.389999;54.369999;47.459999;136.75
2019-07-18;49.939999;53.950001;47.98;136.419998
2019-07-19;50.27;53.66;47.540001;136.619995
2019-07-22;51.349998;54.035;46.880001;138.429993
2019-07-23;51.75;54.41;46.220001;139.289993
2019-07-24;52.919998;55.099998;46.099998;139.73999750000002
2019-07-25;52.16;54.549999;45.82;140.190002
2019-07-26;51.59;54.625;46.220001;141.339996
2019-07-29;51.6450005;54.700001;46.529999;141.029999
2019-07-30;51.700001;57.099998;45.799999;140.350006
2019-07-31;50.549999;56.860001;46.189999;136.270004
2019-08-01;49.5;55.9200005;47.360001;138.059998
2019-08-02;48.68;54.98;46.529999;136.899994
2019-08-05;46.970001;53.650002;45.200001;132.210007
2019-08-06;46.959999;55.0;45.875;134.690002
2019-08-07;46.73;55.529999;46.549999;136.7900005
2019-08-08;47.169998;56.25;46.4750005;138.889999
2019-08-09;45.98;56.110001;46.400002;137.710007
2019-08-12;45.599998;55.599998;46.02;135.789993
2019-08-13;46.84;56.259998;46.060001;138.600006
2019-08-14;45.869999;54.32;46.080002;133.979996
2019-08-15;45.700001;55.02;46.700001;133.679993
2019-08-16;46.5;55.73;46.9250015;136.130005
2019-08-19;47.23;55.720001;47.150002;138.410004
2019-08-20;46.599998;55.66;47.320002;137.259995
2019-08-21;47.150002;56.650002;47.490002;137.519997
2019-08-22;46.779999;54.77;46.950001;137.779999
2019-08-23;44.959999;53.84;47.099998;133.389999
2019-08-26;45.560001;55.52;47.459999;135.449997
2019-08-27;45.790001;55.509998;47.75;135.740005
2019-08-28;45.790001;56.1149995;47.630001;135.559998
2019-08-29;46.869999;56.720001;47.709999;138.119995
2019-08-30;47.41;56.91;47.25;137.860001
2019-09-03;46.98;57.43;47.810001;136.039993
2019-09-04;48.919998;58.509998;48.529999;137.630005
2019-09-05;50.099998;59.540001;48.099998;138.3650055
2019-09-06;50.919998;59.200001;48.41;139.100006
2019-09-09;51.59;59.98;49.07;137.520004
2019-09-10;51.82;59.240002;48.419998;136.080002
2019-09-11;52.790001;60.049999;47.889999;136.493337
2019-09-12;53.009998;60.25;48.0;136.90667200000001
2019-09-13;52.540001;60.360001;48.119999;137.320007
2019-09-16;52.200001;59.970001;47.900002;136.330002
2019-09-17;51.950001;59.939999;48.5050015;137.389999
2019-09-18;51.740002;59.110001;49.110001;138.520004
2019-09-19;51.57;59.349998;49.240002;141.070007
2019-09-20;50.720001;59.119999;49.259998;139.440002
2019-09-23;50.900002;59.119999;49.400002;139.139999
2019-09-24;49.82;59.8500005;47.599998;137.380005
2019-09-25;51.02;60.580002;47.4399985;139.360001
2019-09-26;50.919998;59.41;47.279999;139.539993
2019-09-27;50.779999;58.77;46.599998;137.729996
2019-09-30;51.529999;59.130001;46.599998;137.4000015
2019-10-01;50.759998;57.959999;46.77;137.070007
2019-10-02;49.389999;56.830002;47.049999;134.649994
2019-10-03;50.029999;57.93;47.43;136.279999
2019-10-04;50.919998;58.75;48.029999;138.119995
2019-10-07;50.324999;58.07;47.3549995;137.119995
2019-10-08;49.73;57.209999;46.68;135.669998
2019-10-09;50.48;57.869999;47.720001;138.240005
2019-10-10;51.110001;57.330002;46.75;139.100006
2019-10-11;52.09;58.139999;46.220001;139.679993
2019-10-14;51.639999;57.84;46.169998;139.550003
2019-10-15;52.650002;58.5;46.259998;141.570007
2019-10-16;52.450001;58.919998;45.93;140.410004
2019-10-17;51.860001;60.040001;44.810001;139.690002
2019-10-18;51.360001;59.209999;44.439999;137.410004
2019-10-21;52.130001;59.18;44.110001;138.429993
2019-10-22;52.009998;58.970001;44.27;136.369995
2019-10-23;51.720001;58.81666666666667;44.150002;137.240005
2019-10-24;52.23;58.66333233333334;43.580002;139.940002
2019-10-25;56.459999;58.509998;42.290001;140.729996
2019-10-28;56.759998;59.060001;42.549999;144.190002
2019-10-29;56.34;59.240002;42.990002;142.830002
2019-10-30;56.599998;61.07;44.060001;144.610001
2019-10-31;56.529999;60.830002;46.52;143.369995
